date,true,elasticnet_pred
2018-11-14,-0.0063897980987708,-0.003380489447440089
2018-11-15,-0.0032102756302483,-0.0003931757172094836
2018-11-16,-0.0096931292056596,-0.001434944654137472
2018-11-19,-0.0065146810211937,-0.011343661123083635
2018-11-20,0.0,-0.007497369221979343
2018-11-21,0.0,0.005602323838674323
2018-11-26,0.0032626456348163,0.011742025001342403
2018-11-27,-0.0032626456348163,-0.005897757196510888
2018-11-28,0.0,0.014670892914526284
2018-11-29,-0.0098522964430116,-0.005764836118696535
2018-11-30,-0.0066225407604934,-0.007268665168983046
2018-12-03,-0.0100167782434712,-0.005637129192579422
2018-12-04,-0.0237702193339117,-0.022522483225079055
2018-12-06,-0.0138410514118714,-0.02006760128561614
2018-12-07,-0.0069930354909706,-0.009560154965760322
2018-12-10,0.0,-0.0052017785049521675
2018-12-11,0.0139375078437815,0.0056021652136474965
2018-12-12,0.0068965790590604,4.684834555598782e-05
2018-12-13,0.0,0.005428730469018858
2018-12-14,-0.0068965790590604,-0.0065856711890858975
2018-12-17,-0.0104348772925795,-0.012694111839368062
2018-12-18,-0.0140847398817389,-0.010403302717385928
2018-12-19,-0.017889564750775,-0.009998484617293628
2018-12-20,0.007194275634027,-0.0022850776061470977
2018-12-21,0.0,-0.008225714124007973
2018-12-27,-0.007194275634027,0.00460700668934118
2018-12-28,-0.0182154398913412,-0.011021007954508253
2019-01-02,-0.0223057575142981,-0.006869452251466748
2019-01-03,-0.0383188643021366,-0.030023536752711525
2019-01-04,0.042071213920687,0.031849007997327934
2019-01-07,0.0111733005981252,0.00821405048643489
2019-01-08,0.0110498361865849,0.01053141934479974
2019-01-09,0.0036563112031104,0.012747755570073672
2019-01-10,0.0,0.00505660557226755
2019-01-11,-0.0110092855083693,-0.00948925791616345
2019-01-15,0.0036832454162963,-0.00020676439867386078
2019-01-16,0.0036697288889624,-0.007899690512025548
2019-01-17,0.0072993024816114,-0.0019393580586802863
2019-01-18,0.0144406841547943,0.008428305487160259
2019-01-22,-0.0180836754332953,-0.014753013517880848
2019-01-23,0.0072727593290795,0.0038684319901728225
2019-01-24,-0.0145987994211524,-0.003110247427707806
2019-01-25,0.0145987994211524,0.013143731817969965
2019-01-28,-0.0036297680505785,-0.012425479922932414
2019-01-29,-0.0109690313705739,-0.008280050361947565
2019-01-30,-0.0073801072976225,0.0016038730029973292
2019-01-31,-0.0262679268206103,-0.004980775572347192
2019-02-01,0.0262679268206103,0.02069328060620937
2019-02-04,0.0110498361865849,0.023388328898791194
2019-02-05,-0.0073529743052588,-0.02192611758307651
2019-02-06,-0.0036968618813261,-0.009431459328373864
2019-02-07,-0.0186921330121526,-0.020676695194389427
2019-02-08,-0.0075757938084576,-0.01034841963539907
2019-02-11,0.0075757938084576,0.00020618327723318937
2019-02-12,0.0112571545246346,0.0119911499866674
2019-02-13,0.0111318403688441,0.002401511160199217
2019-02-14,-0.0186225120980018,-0.012920545247481976
2019-02-15,0.0,-0.002489021288566185
2019-02-19,-0.0037664827954769,-0.01165635131786491
2019-02-21,0.0149815536156169,0.00887303063416708
2019-02-22,-0.0149815536156169,-0.012436855608978474
2019-02-25,0.0075188324140273,0.0057777864206505405
2019-02-26,-0.0112995552539333,-0.014381390345474298
2019-02-27,0.0187622764555228,0.007495732740390761
2019-02-28,0.0147604155831206,0.0070608586792933825
2019-03-01,0.01092907053219,0.007210618335202436
2019-03-04,-0.0145987994211524,0.0023754410580239796
2019-03-05,0.0,-0.012673072483340236
2019-03-06,-0.0110906866941582,-0.014768448773087334
2019-03-07,-0.0187622764555228,-0.01050520695573828
2019-03-08,-0.0076045993852192,-0.004761523235294147
2019-03-11,0.0076045993852192,0.017496484584257264
2019-03-12,-0.0114286958236228,-0.0018778650135240394
2019-03-13,0.0,-0.00037615807137034824
2019-03-14,0.0076336248550711,-0.0020360904088386938
2019-03-15,-0.0153259704782268,-0.013471636597111833
2019-03-18,0.00385356931599,0.007688973287089929
2019-03-19,0.0038387763071656,0.0006458674328407972
2019-03-20,-0.0271861403041567,-0.013724124589108898
2019-03-21,0.0,-0.005497743331609066
2019-03-22,-0.0401660417253347,-0.019834640345118632
2019-03-25,-0.0041067819526533,-0.008705741322086144
2019-03-26,-0.0082645098498934,0.0037914727730456272
2019-03-27,-0.0083333815591443,-0.01572082279902103
2019-03-28,0.0,-0.00893337747728251
2019-03-29,0.0083333815591443,-0.0014642741099785263
2019-04-01,0.0326559629740527,0.020973045771239405
2019-04-02,-0.0040241502997255,-0.00539099603808017
2019-04-03,0.0160003413464411,0.007946904932356879
2019-04-04,-0.0039761483796394,0.003212198739176369
2019-04-05,-0.0039920212695373,-0.0011257766870764003
2019-04-08,0.0079681696491767,-0.0024933350556452026
2019-04-09,-0.0039761483796394,-0.0018805369106040385
2019-04-10,-0.0120241929668016,-0.007361956977357809
2019-04-11,0.0120241929668016,-0.0001583154536822974
2019-04-12,0.0197245053477786,0.015852379162020647
2019-04-15,-0.0039138993211363,-0.0069826007587075025
2019-04-16,0.0194180858571015,0.005782663484901599
2019-04-17,-0.00385356931599,0.007449412518992855
2019-04-18,-0.0077519768043179,-0.005157797634151709
2019-04-23,0.0,0.022006688143933178
2019-04-24,-0.0156865961676996,-0.005670454731956338
2019-04-25,0.0039447782910164,0.005103046474457073
2019-04-26,-0.0118813278867527,-0.0007997901480901375
2019-04-29,0.0118813278867527,0.006934939923515915
2019-04-30,-0.0118813278867527,-0.007152322182486452
2019-05-01,0.0039761483796394,-0.015172236937308414
2019-05-02,0.0118344576470028,0.004930911688897006
2019-05-03,-0.0039292781398895,-0.007135771880145421
2019-05-07,-0.0360760564738095,-0.02355608946599903
2019-05-08,0.0161946859199806,0.010664712791820064
2019-05-09,-0.0161946859199806,-0.010793667687791872
2019-05-10,0.0081301260832501,0.00479678010379646
2019-05-13,-0.028749413285986,-0.015058826152117509
2019-05-14,0.0082988028146951,0.0031897346682233946
2019-05-15,-0.0208775850215552,-0.016797839525388755
2019-05-16,0.01257878220686,0.009677771463816669
2019-05-17,-0.0041753714104805,-0.013852382242002177
2019-05-20,0.0083333815591443,0.001475360126304582
2019-05-21,0.0082645098498934,0.007283854173144352
2019-05-22,-0.0165978914090377,-0.01162001882287693
2019-05-23,-0.0340458414097171,-0.019024419995399694
2019-05-24,0.0043196611445163,-0.00027953868430207265
2019-05-28,-0.0262023723940241,-0.010825565141495878
2019-05-29,-0.0044345970678656,-0.012617355104494412
2019-05-30,-0.0134230203321406,-0.0034933308158028717
2019-05-31,-0.036701366850428,-0.027959395877691764
2019-06-03,-0.0332572217564824,-0.026130422866808986
2019-06-04,0.0238674814066435,0.017205102578014057
2019-06-05,0.0,0.01122616856388632
2019-06-06,0.0,-0.010060879481425509
2019-06-07,-0.0142520227072016,0.0008719487965341841
2019-06-10,0.0283037761628518,0.005278811657234558
2019-06-11,0.0,0.0042591221597893525
2019-06-12,-0.0093458624182377,-0.017565533107372792
2019-06-13,-0.0141846349919563,0.0004611432708925109
2019-06-14,-0.0047732787526577,-0.013102980857265922
2019-06-17,0.0,-0.00518383635421014
2019-06-18,-0.0144580831752297,-0.011692877414247125
2019-06-19,-0.0146701897477938,-0.015399723564175133
2019-06-20,-0.0099010709827116,0.002342896626191715
2019-06-21,0.0294138852062934,0.02337917851530011
2019-06-24,-0.0244510958641642,-0.017707723353610594
2019-06-25,-0.009950330853168,-0.0011245624743621632
2019-06-26,0.0246926125903714,0.011106692787856299
2019-06-27,-0.0197050710793325,-0.006084106116720599
2019-06-28,-0.0049875415110389,0.007925929649200964
2019-07-01,0.0148886124937506,0.02399231115454532
2019-07-02,-0.024938948347252,-0.02646210538230178
2019-07-03,-0.010152371464018,-0.007433813430862914
2019-07-08,0.0448953199078909,0.01577541088892234
2019-07-09,0.0097088141269608,0.007059852878412555
2019-07-10,0.0,-0.014379525037460122
2019-07-11,0.028573372444056,0.010291476524346244
2019-07-12,-0.0047058910374124,-0.0014004959644033357
2019-07-15,-0.0142520227072016,-0.008121827736801318
2019-07-16,0.018957913744614,0.005903675108324323
2019-07-17,-0.0334159969198438,-0.0215233049251373
2019-07-18,-0.0097561749453647,-0.002541287291140792
2019-07-19,0.0048899852941917,0.00693658545845258
2019-07-22,0.0,0.005218665796857768
2019-07-23,0.0145281005629098,-0.0057923620856964635
2019-07-24,-0.0145281005629098,0.0037603399234224207
2019-07-25,0.0145281005629098,0.006291152988530966
2019-07-26,0.0,-0.009789334491128985
2019-07-29,-0.0096619109117368,0.0006526492833459662
2019-07-30,0.0,9.550450088245164e-05
2019-07-31,-0.0196084713883764,-0.01864000071444338
2019-08-01,-0.0612436252407186,-0.025139736931371583
2019-08-02,-0.0212773984472847,-0.004976786938749864
2019-08-05,-0.0609606997896873,-0.05644456109844563
2019-08-06,-0.011494379425735,-0.010110098578727186
2019-08-07,-0.0116280379951191,-0.0086641792155477
2019-08-08,0.0058309203107932,-0.005203514434768585
2019-08-09,0.0115608224010759,0.001560549295649436
2019-08-12,-0.0531098253139484,-0.02538215268839734
2019-08-13,0.0180185055026783,-0.0002158924955463068
2019-08-14,-0.0550597771830272,-0.028744481187954262
2019-08-15,-0.0450236813739551,-0.025156584257234688
2019-08-16,0.0195445960729702,0.005832603841508974
2019-08-19,0.0317486983145803,0.014415316387761406
2019-08-20,-0.0317486983145803,-0.034976808955319835
2019-08-21,0.0254790853009849,0.01248961926881535
2019-08-22,0.0186921330121525,-0.00508700687726173
2019-08-23,-0.0637158143861077,-0.052524203016046725
2019-08-27,-0.0199342149008172,-0.011851421176541596
2019-08-28,-0.0135137191667228,-0.009357992422991335
2019-08-29,0.0202027073175194,0.011550202749514765
2019-08-30,0.0,0.01674843214625788
2019-09-03,-0.0202027073175194,-0.007914914698875137
2019-09-04,0.0,0.024869901706094828
2019-09-05,0.0658132185695718,0.03430584639653992
2019-09-06,-0.0128206884290614,-0.009078383657142844
2019-09-09,0.0503250838875156,0.013349338881135096
2019-09-10,0.0537442760066907,0.014653860915724003
2019-09-11,0.0172914971100609,0.023530993350678063
2019-09-12,0.022599831917241,-0.0048130821343463715
2019-09-13,0.059638266319731,0.04850561201541952
2019-09-16,-0.0320883145515004,0.007609410492501096
2019-09-17,-0.0164387263431599,-0.019223007346108968
2019-09-18,-0.0055401803756153,-0.014353056257634245
2019-09-19,-0.0055710450494553,0.010463080279704202
2019-09-20,-0.028330506626226,-0.025847625474917497
2019-09-23,-0.0115608224010759,-0.008410630846140887
2019-09-24,-0.0476280489892547,0.004153636165883991
2019-09-25,0.0534251666735806,0.03874324237376842
2019-09-26,-0.0174931574475172,0.0031558516746475977
2019-09-27,-0.0058997221271882,-0.01071872231764251
2019-09-30,-0.0059347355198146,0.0019580392133625125
2019-10-01,-0.0180185055026783,-0.0008966699434991951
2019-10-02,-0.0307716586667535,-0.020711898948782302
2019-10-03,-0.0382212128201978,-0.04160014185944115
2019-10-04,-0.0130720815673527,0.004471938178180021
2019-10-07,0.0259754864032606,-0.012757168500751006
2019-10-08,-0.0129034048359079,-0.037721220744215696
2019-10-09,0.0319515998066023,0.004935476352995901
2019-10-10,0.0490896101965235,0.01129542750666347
2019-10-11,0.0524901826213967,-0.005265153531749056
2019-10-15,0.0056657375356773,0.007988114144965544
2019-10-16,-0.0113637586503151,-0.004896953137914757
2019-10-17,0.0056980211146377,0.0012636200327849612
2019-10-18,0.0,-0.004747493387822047
2019-10-21,0.0224728558520586,0.019925398121000647
2019-10-22,-0.0111733005981252,-0.0009217539253222936
2019-10-23,-0.0056338177182559,0.020943553708562584
2019-10-24,0.0,-0.021522273451034874
2019-10-25,0.0168071183163812,0.0157109010718141
2019-10-28,0.0273989741881144,0.014093616947509565
2019-10-29,-0.0054200674693392,0.000773796582875133
2019-10-30,-0.0331522073169004,-0.006140034890962151
2019-10-31,-0.0518848353690116,-0.010315413877652132
2019-11-01,0.0233928795747054,0.035602757221519545
2019-11-04,0.034094211342976,0.028177179608734386
2019-11-05,0.0383608678724463,0.010901716906073207
2019-11-06,-0.0272496424473756,-0.0033289886568898266
2019-11-07,0.0589983407619557,0.019241987319582186
2019-11-08,0.0103627870355466,-0.014364990821049988
2019-11-12,-0.0103627870355466,-0.03143398429790383
2019-11-13,-0.0210534091978323,-0.01100237895905323
2019-11-14,-0.0324352757531537,-0.006366404506424781
2019-11-15,0.0109290705321902,0.0062548406858767116
2019-11-18,-0.0164387263431599,-0.004251309383979302
2019-11-19,-0.0111112254250707,-0.01369108807173056
2019-11-20,-0.034094211342976,-0.007062025138550048
2019-11-21,0.0228581380760501,0.017590809513649164
2019-11-22,0.0,0.003175600117642778
2019-11-25,-0.0056657375356773,-0.0051881075466299826
2019-11-26,-0.0114286958236228,-0.01470034358645941
2019-11-27,0.0170944333593001,0.012405645611220237
2019-11-29,0.0056338177182559,0.015582734257681087
2019-12-02,0.0277026025493357,0.03423455572977538
2019-12-03,-0.0619916760279678,-0.03537092271985769
2019-12-04,0.028655255760376,0.0046180268940658265
2019-12-05,0.0168071183163812,-0.00843876679693669
2019-12-06,0.0219789067187752,0.022465547306133263
2019-12-09,-0.0054496047675647,-0.030995128543648096
2019-12-10,0.0108696722369039,0.0012514014772447278
2019-12-11,-0.0329700192375698,-0.014837293252449204
2019-12-12,0.059638266319731,0.03759297823843397
2019-12-13,-0.0430173850836906,-0.004406488729632736
2019-12-16,0.0377403279828469,0.015034092615744099
2019-12-17,0.0,0.011055730549735443
2019-12-18,0.0157483569681391,0.01336851377806588
2019-12-19,0.0,0.01797336993248281
2019-12-20,0.0,-0.0030670962410859243
2019-12-23,0.0051948168771039,0.004289193176237363
2019-12-27,-0.0262482260749363,-0.004124246970322638
2019-12-30,0.0105821093305369,0.011524949049069267
2020-01-02,-0.0105821093305369,-0.003741723871253375
2020-01-03,-0.0434851119397386,-0.020662571938391983
2020-01-06,0.0055401803756153,-0.005562556724933302
2020-01-07,0.0109891215755951,0.035694886196789975
2020-01-08,0.0216224640131658,-0.00027897231044631584
2020-01-09,-0.0107527917762618,-0.006173036660862746
2020-01-10,-0.0108696722369039,-0.013721782471598418
2020-01-13,0.0108696722369039,0.008968952539262604
2020-01-14,-0.0163491380015294,-0.014013058831194239
2020-01-15,-0.0166208812360403,0.0056860021796716455
2020-01-16,0.0111112254250707,-0.016188001919884603
2020-01-17,0.0164387263431599,0.028107976458663055
2020-01-21,-0.0331522073169004,-0.03405688541097919
2020-01-22,-0.0056338177182559,-0.003467499948880498
2020-01-23,-0.0170944333593001,-0.015602221901094209
2020-01-24,-0.0232568621642672,-0.018032031184859087
2020-01-27,-0.0543940720657986,-0.032079266040170626
2020-01-28,0.0245411089161174,0.012960980371209614
2020-01-29,-0.0307716586667535,-0.004114040569416885
2020-01-30,-0.0189280098855189,-0.016893641892792542
2020-01-31,-0.0389659685333837,-0.020370922865222633
2020-02-03,0.0196727655987048,0.029087922447860626
2020-02-04,0.0444517625708338,0.020650863524689683
2020-02-05,0.0305834233720801,0.01192946349718278
2020-02-06,-0.0060423144559627,-0.015675511990420405
2020-02-07,-0.0370412716803489,-0.01898224259586948
2020-02-10,-0.0190481949706944,-0.007917068170356948
2020-02-11,0.0190481949706944,-0.0015267587109081553
2020-02-12,0.0186921330121525,0.012588771695969355
2020-02-13,-0.006191970247921,0.0001729887348104076
2020-02-14,-0.0125001627642314,-0.011356654410770689
2020-02-18,-0.0254790853009849,-0.0227588443516934
2020-02-19,0.0064308903302904,0.014054611906117336
2020-02-20,-0.0259754864032606,-0.01370798913270703
2020-02-21,-0.0402738991379399,-0.017598564460428276
2020-02-24,-0.0563529365511318,-0.028379893907961837
2020-02-25,-0.0369045569354507,-0.004520105357631539
2020-02-26,0.0,-0.01297532658848609
2020-02-27,-0.0228146777661714,-0.012993208234678493
2020-02-28,-0.1401466317432419,-0.06065203239597292
2020-03-02,-0.0269074529199241,0.021752261274690987
2020-03-03,-0.0755075525081452,-0.053466478112113636
2020-03-04,0.0,-0.014385107156403084
2020-03-05,-0.1031842362352307,-0.08265265141407066
2020-03-06,-0.2177234838448706,-0.11596115009351732
2020-03-09,-0.3150810466398953,-0.17489869503328717
2020-03-10,0.3417492937220566,0.17693226920578833
2020-03-11,0.0759859069779219,-0.0027733065151411985
2020-03-12,0.0706175672139534,-0.03180215591895
2020-03-13,0.0659579677917973,0.05656206000688796
2020-03-16,-0.2528353411216127,-0.17468674396806902
2020-03-17,0.3345133721358799,0.14635561006849773
2020-03-18,0.1457118111813936,0.03050099541024674
2020-03-19,-0.05218575317057,-0.03633272582156484
2020-03-20,-0.1967102942460543,-0.105267838441482
2020-03-23,-0.1910552367627093,-0.06941872261536408
2020-03-24,0.1000834585569825,0.06713553141421263
2020-03-25,0.0465200156348929,0.012246302217232356
2020-03-26,-0.0584962066816086,-0.011461100314484626
2020-03-27,-0.1421744887805426,-0.01623223211756498
2020-03-30,-0.0281708769666963,0.011689443562201361
2020-03-31,0.0,0.02069956904883654
2020-04-01,-0.1213608570042673,-0.08298990628217189
2020-04-02,0.0160003413464411,0.0574897079040566
2020-04-03,-0.0160003413464411,0.08924784054218504
2020-04-06,0.0775582343458745,0.19740451354245608
2020-04-07,0.1127954941453443,-0.09558145685323535
2020-04-08,0.0263173083173733,-0.01772779462554127
2020-04-09,-0.0533459807052927,-0.08085850706928642
2020-04-14,0.0402738991379399,-0.02478178903674122
2020-04-15,-0.1875986138947983,-0.003609769417878014
2020-04-16,-0.0322608622182214,-0.1796750445372321
2020-04-17,0.0635134057223258,-0.04574627463564068
2020-04-20,-0.0312525435041044,-0.07655562273323017
2020-04-21,-0.0826917158451134,0.052574037788955884
2020-04-22,0.0826917158451134,0.13593581961540505
2020-04-23,-0.0322608622182214,-0.06294038923350324
2020-04-24,-0.0165293019512106,-0.0452331507792676
2020-04-27,0.1103480571688654,0.06246916200623606
2020-04-28,-0.0775582343458745,0.012740878433637514
2020-04-29,0.0160003413464411,0.015408116992415448
2020-04-30,0.0157483569681392,0.0046878406709233555
2020-05-01,0.0,0.03394174005278895
2020-05-04,0.0,-0.015038199889338175
2020-05-05,0.0307716586667536,0.02707069506349869
2020-05-06,0.0870113769896296,-0.004412608662528791
2020-05-07,-0.1335313926245225,-0.12083383786070621
2020-05-11,0.1473247147568584,0.045797154105046686
2020-05-12,-0.0563529365511318,-0.017549682916985058
2020-05-13,-0.0752234212375874,-0.07518014099679989
2020-05-14,-0.0157483569681392,0.07518287010601211
2020-05-15,0.0157483569681392,0.030434848915805453
2020-05-18,0.1315763577887192,0.037726184109432626
2020-05-19,-0.0419641990990322,-0.011177940919527733
2020-05-20,-0.0289875368732521,0.026123057439492493
2020-05-21,0.0,-0.03582636098391728
2020-05-22,-0.0298529631496811,-0.004439844101101301
2020-05-26,0.0444517625708337,0.023689762520277834
2020-05-27,-0.0145987994211525,-0.048433326065036066
2020-05-28,0.0289875368732521,0.044322450649427816
2020-05-29,-0.0741079721537217,-0.037231350025111624
2020-06-01,0.0152674721307884,0.0020335324935872212
2020-06-02,0.0298529631496811,0.016288295024856975
2020-06-03,0.1242977166775771,0.06209327303906399
2020-06-04,0.0629138254105692,0.01679132629426979
2020-06-05,0.104140259252597,0.025813712570070108
2020-06-08,-0.0335226920386435,0.04664300144828705
2020-06-09,-0.0465200156348929,-0.0874986408655508
2020-06-10,-0.1133286853070031,-0.030291482021767877
2020-06-11,-0.1278333715098848,-0.04748609806041516
2020-06-12,0.0730251350148897,0.055641786389778417
2020-06-15,0.0,0.009977255494295305
2020-06-16,0.0548082364949951,-0.023236835317816576
2020-06-17,-0.0134230203321407,0.015640107226522246
2020-06-18,-0.0413852161628544,-0.0014365069604046874
2020-06-19,-0.0141846349919564,-0.006333219173585835
2020-06-22,0.0141846349919564,0.026192084411770174
2020-06-23,0.0139862419747399,-0.01249671375626481
2020-06-24,-0.0425596144187959,-0.021163502881350382
2020-06-25,-0.0145987994211525,-0.01055176773434961
2020-06-26,-0.0606246218164348,0.0009489851951724035
2020-06-29,0.0,0.0026381789551808018
2020-06-30,0.0307716586667536,0.012224016374755451
2020-07-01,0.0444517625708337,-0.0306378260142782
2020-07-02,-0.0145987994211525,-0.037615991329698714
2020-07-06,0.0145987994211525,-0.041456114757976094
2020-07-07,-0.0597192347016221,-0.027299594147090076
2020-07-08,0.0303053494953289,0.026237811892453014
2020-07-09,-0.0775582343458745,0.008110288767509157
2020-07-10,0.0472528848505455,0.08195318229265885
2020-07-13,-0.0155041865359652,-0.035526842142788194
2020-07-14,-0.0157483569681392,-0.001585337276764793
2020-07-15,0.0157483569681392,-0.017434026956975247
2020-07-16,-0.0317486983145803,-0.011820655286155347
2020-07-17,0.0317486983145803,0.027449703069970827
2020-07-20,-0.0317486983145803,-0.005217280547130161
2020-07-21,-0.0162605208717803,-0.0150879788286821
2020-07-22,-0.0165293019512106,-0.014283555434426966
2020-07-23,-0.0168071183163812,0.0015337369648552573
2020-07-24,0.0,0.0009863269900347313
2020-07-27,0.0495969411393721,0.052647089514491346
2020-07-28,-0.0495969411393721,-0.025435066203293614
2020-07-29,-0.0170944333593001,-0.01891774556048778
2020-07-30,-0.0531098253139482,-0.04822601163806785
2020-07-31,0.0,0.001478931678364589
2020-08-03,0.0180185055026783,-0.0021786884712285343
2020-08-04,-0.0741079721537218,-0.009028754750548842
2020-08-05,0.0560894666510435,0.009389796993340013
2020-08-06,0.0,0.035295759322524656
2020-08-07,0.035718082602079,-0.011560213344630749
2020-08-10,0.0344861760711693,0.019433665997947904
2020-08-11,0.0813456394539525,0.03778239882714399
2020-08-12,0.0752234212375874,0.02545754955791699
2020-08-13,0.028573372444056,0.0206575030631873
2020-08-14,0.0,-0.018731399638681152
2020-08-17,-0.028573372444056,-8.733724886220414e-05
2020-08-18,-0.0294138852062931,-0.008105486509067119
2020-08-19,0.0148150857851406,0.013892960258570867
2020-08-20,-0.0451204352804696,-0.008236802538111909
2020-08-21,-0.0155041865359652,-0.0011993451099926791
2020-08-24,0.0155041865359652,-0.0035632421229520664
2020-08-25,0.0597192347016221,0.05491030099048507
2020-08-26,0.0,0.014654247455121444
2020-08-27,0.0699585886069104,0.06300756693405916
2020-08-28,0.0,0.009179878193956164
2020-09-01,-0.084557388028063,-0.043641176812516495
2020-09-02,-0.0298529631496811,0.027905840230045022
2020-09-03,-0.0465200156348928,-0.050284396932705956
2020-09-04,0.1335313926245225,0.061711961345278184
2020-09-08,-0.0425596144187959,-0.03743360684329024
2020-09-09,0.028573372444056,0.011924114753917267
2020-09-10,-0.0431721718652086,-0.05568711023299849
2020-09-11,-0.0148150857851406,-0.04209458609144441
2020-09-14,0.0148150857851406,-0.010195607080738823
2020-09-15,0.0,0.00282821591841715
2020-09-16,0.0145987994211525,0.01763120761718027
2020-09-17,0.0,0.015525404269494185
2020-09-18,0.0143887374520996,-0.0017174310563401666
2020-09-21,-0.0289875368732521,0.004149344547820539
2020-09-22,0.0,0.014162899942860007
2020-09-23,0.0,-0.00854578153927646
2020-09-24,-0.0148150857851406,-0.02947167261045189
2020-09-25,-0.0150378773645405,-0.0016114151528037756
2020-09-28,0.0150378773645405,-0.01803960650660575
2020-09-29,-0.0150378773645405,-0.012857901103200637
2020-09-30,0.0444517625708337,0.05820489014663024
2020-10-01,-0.0145987994211525,0.011109397145352045
2020-10-02,0.0289875368732521,0.031896195683322616
2020-10-05,0.1082135846402328,0.002433340394153084
2020-10-06,-0.0259754864032606,0.0005978063964803902
2020-10-07,0.0637158143861077,0.018013972348131336
2020-10-08,-0.037740327982847,0.011224026841899533
2020-10-09,0.0127390257774297,0.014286812704900597
2020-10-13,-0.0653827592628517,-0.028811583362615648
2020-10-14,-0.0136056520557786,-0.0022453147452594206
2020-10-15,0.0136056520557786,0.004782168580871155
2020-10-16,0.0266682470821613,0.019254655604183216
2020-10-19,0.0259754864032606,0.005064742727875188
2020-10-20,0.037740327982847,0.04135809945327858
2020-10-21,0.024391453124159,0.016399327075095536
2020-10-22,0.0470675108579858,0.02984321539467057
2020-10-23,-0.0232568621642672,0.0025608286744216143
2020-10-26,-0.0482021018178775,-0.015155576345555578
2020-10-27,-0.0250013022054172,-0.007722123060843165
2020-10-28,0.0,0.004940809661766261
2020-10-29,0.0732034040232949,0.027402007558969977
2020-10-30,0.03468555798789,0.031223453323659753
2020-11-02,-0.0114286958236227,-0.0011333884295811393
2020-11-03,0.0339015516756813,-0.015573802105813361
2020-11-04,-0.1431008436406733,-0.04176381923427215
2020-11-05,0.0127390257774297,-0.017325599142629915
2020-11-06,0.0493927553295763,0.04485192697325222
2020-11-09,0.1455075836712383,0.07162483760244197
2020-11-10,0.0206192872027357,0.044594434239442086
2020-11-12,-0.1076306641923654,-0.03230317651192721
2020-11-13,0.0112995552539333,0.011877113765547757
2020-11-16,0.0222231367847102,0.0093464375652184
2020-11-17,-0.0449513878622663,-0.03718335292361659
2020-11-18,0.0114286958236227,-0.009171094326452309
2020-11-19,-0.0229895182246987,-0.00819158671510452
2020-11-20,-0.0355066884569098,-0.0386114993187185
2020-11-23,0.0355066884569098,0.03138628655879221
2020-11-24,0.0229895182246987,0.0441067483757332
2020-11-25,0.0,0.013627224515252478
2020-11-30,-0.0465200156348929,-0.017650665725358963
2020-12-01,0.0909717782057267,0.017250476692119168
2020-12-02,0.0320883145515004,-0.0006173414698229865
2020-12-03,-0.0320883145515004,-0.014692280708078232
2020-12-04,0.0529224014543424,0.014473506556088128
2020-12-07,-0.0314161962333789,0.05399442314549013
2020-12-08,-0.0215062052209634,-0.012765303649188528
2020-12-09,0.0320883145515004,0.0009123940006025464
2020-12-10,-0.0320883145515004,-0.07376875102612813
2020-12-11,-0.0219789067187752,-0.024601102085363976
2020-12-14,0.0,0.0500562108424271
2020-12-15,0.0219789067187752,0.017563866005230244
2020-12-16,0.0,-0.004279831167142642
2020-12-17,0.0215062052209634,0.03685941314659419
2020-12-18,0.0105821093305369,0.006242493124598066
2020-12-21,0.0,0.013909099859701781
2020-12-22,-0.0212773984472847,0.010241916672331907
2020-12-23,0.0317486983145802,0.008073439198427264
2020-12-29,-0.0210534091978323,-0.010831730888850954
2020-12-30,-0.0106952891167478,-0.0007227126821761636
2020-12-31,0.0,0.0312924957374968
2021-01-04,0.0,-0.0379113574355856
2021-01-05,0.0317486983145802,0.006963882944306029
2021-01-06,0.0800427076735365,0.05756244217653265
2021-01-07,0.037740327982847,0.0033376113448903154
2021-01-08,0.0452565915881207,0.04012235966861515
2021-01-11,0.0175443096509095,0.020789514561288865
2021-01-12,0.0,-0.009099871289647643
2021-01-13,-0.0444517625708336,-0.0030447270002791973
2021-01-14,0.0444517625708336,0.037356367343882056
2021-01-15,-0.0354019270509157,-0.008625962061566185
2021-01-19,-0.0090498355199179,-0.001557368185060375
2021-01-21,0.0180185055026783,0.02537178327186874
2021-01-22,-0.0180185055026783,-0.008477272539579589
2021-01-25,-0.0465200156348928,-0.018168925608428862
2021-01-26,0.0,0.008774976933667768
2021-01-27,-0.0095694510161507,0.006489393454519814
2021-01-28,0.0284379353205335,0.008495396919621012
2021-01-29,0.0367013668504279,0.02938455764981
2021-02-01,-0.0181823190831904,0.013829953136103938
2021-02-02,0.0271509890659508,0.026956628913003624
2021-02-03,0.0264332570681553,0.021776079428151542
2021-02-04,0.0,-0.005809800045954805
2021-02-05,0.0341913647482793,-0.015246591506766648
2021-02-08,0.0,-0.009886798311781311
2021-02-09,-0.0084388686458646,-0.023983828798993016
2021-02-10,-0.0257524961024147,-0.018376624867585217
2021-02-11,0.0086580627431145,0.006595805540832121
2021-02-12,0.0339015516756813,0.03951832642228191
2021-02-16,0.0800427076735364,0.02211230192463524
2021-02-17,-0.0077220460939103,0.01750910076026446
2021-02-18,0.0,0.0072279090661179915
2021-02-19,0.0380273955892392,0.015052527976507258
2021-02-22,0.0221411258772135,0.0226080730043483
2021-02-23,0.0,0.02533796917353671
2021-02-24,0.0072727593290796,0.021243040074927073
2021-02-25,0.1096989172564246,0.05812941049199364
2021-02-26,-0.0671393028376285,-0.03596187196780341
2021-03-01,0.0069204428445737,0.00030573301722193295
2021-03-02,-0.0209066848193136,0.007857761947620662
2021-03-03,0.0346055291774755,0.011027083219232979
2021-03-04,0.0465200156348929,0.015935343843830115
2021-03-05,0.0129034048359079,0.029320485936690035
2021-03-08,0.0190481949706944,0.002825830444202289
2021-03-09,-0.0254790853009849,0.0038731849169137186
2021-03-10,-0.0129871955268112,0.00875710199483021
2021-03-11,0.0065146810211937,0.030599954643693653
2021-03-12,0.0629138254105691,0.03904673495406795
2021-03-15,-0.0122700925918142,-0.004901725090764286
2021-03-16,0.0,-0.02530665888721893
2021-03-17,0.0061538655743781,0.01765478197896674
2021-03-18,0.0479133556958975,0.021546145130006463
2021-03-19,0.0173917427118691,0.001112400820741967
2021-03-22,-0.0291565842914555,-0.011204440647423963
2021-03-23,-0.0361485141163112,-0.013016959463211797
2021-03-24,-0.0061538655743781,0.006143354967225882
2021-03-25,0.0061538655743781,-0.03966997604733697
2021-03-26,0.0242436116099928,0.05286245950765608
2021-03-29,0.0352977820810238,0.024286896528685264
2021-03-30,0.0,0.019538920233756196
2021-03-31,0.00576370471675,-0.004052106559721054
2021-04-01,-0.0291565842914555,-0.02127816172453108
2021-04-06,-0.0119049025063183,-0.00542038214212494
2021-04-07,0.0059701669865037,-0.000993729025493488
2021-04-08,-0.0240975515790605,0.0061246625043103915
2021-04-09,0.0181273845925567,0.022566517027763543
2021-04-12,0.0119049025063183,0.011602231293611183
2021-04-13,-0.0300322870988751,-0.03589147131938696
2021-04-14,0.0,0.008921065382403686
2021-04-15,-0.0500104205746612,-0.014650435866322021
2021-04-16,0.0190481949706944,0.00954982124307556
2021-04-19,0.0125001627642314,-0.013847756081443984
2021-04-20,-0.0188093319574962,-0.018168245844113494
2021-04-21,-0.0063492276786587,0.012929594437841151
2021-04-22,0.0,0.01872358689625842
2021-04-23,0.0063492276786587,0.012624663769597144
2021-04-26,0.0,0.0010420645070464815
2021-04-27,0.0311551677797954,0.008364963950977085
2021-04-28,0.0,-0.014528675527646829
2021-04-29,0.0121952730938182,0.007897523073680144
2021-04-30,0.0,-0.005403666188079656
2021-05-04,-0.0245411089161174,0.003703759727319683
2021-05-05,-0.0125001627642314,0.0011426156436273685
2021-05-06,-0.0063091691932647,0.00028384787862386534
2021-05-07,0.0125787822068601,0.02066393764355212
2021-05-10,0.0185763855729352,0.0005218777101537638
2021-05-11,0.006116227017436,-0.00015954919176365873
2021-05-12,0.0300322870988751,0.025640358079531526
2021-05-13,-0.0179109265665302,-0.0014610138840088827
2021-05-14,-0.0182375875497809,0.022528625033237878
2021-05-17,0.006116227017436,-0.0006133203627768294
2021-05-18,0.0,-0.004905045708780898
2021-05-19,0.0240975515790605,0.018514114676631967
2021-05-20,-0.0302137785964966,-0.0030843178684676334
2021-05-21,0.0,0.0056591645114377025
2021-05-24,-0.0123458358222992,0.0013334961818845807
2021-05-25,-0.0315483577349259,-0.014447841410413548
2021-05-26,0.0127390257774297,-0.00624055221136819
2021-05-27,0.0188093319574962,0.011928105056859673
2021-05-28,-0.0188093319574962,-0.015314281402473911
2021-06-01,0.0250013022054172,0.012769635511386518
2021-06-02,-0.0186921330121525,0.004711517661388226
2021-06-03,0.0248459985865306,0.014769548960701394
2021-06-04,-0.0438941935572251,-0.013564908330352538
2021-06-07,0.0063897980987709,-0.00311260899893547
2021-06-08,-0.0258078839558726,-0.019550105217582048
2021-06-09,-0.0198026272961797,-0.01514839531309528
2021-06-10,-0.0339015516756813,-0.03228522615453278
2021-06-11,0.0136988443581618,0.013126975294953493
2021-06-14,0.026847250036188,0.01791022875332957
2021-06-15,0.0,-0.004403015397416768
2021-06-16,0.0389659685333837,0.012713487949272361
2021-06-17,-0.0323652845020316,-0.02875426778988737
2021-06-18,-0.047146778425702,-0.019083324157867707
2021-06-21,0.0339015516756813,0.018217542976557817
2021-06-22,-0.0134230203321407,-0.001350079881273484
2021-06-23,0.0134230203321407,0.013602453651297107
2021-06-24,-0.0066889881507966,-0.00530110183473522
2021-06-25,0.03300629646817,0.0068969053023432945
2021-06-28,-0.03300629646817,-0.012946175783038215
2021-06-29,0.0,-0.014943903538542292
2021-06-30,-0.0272125635248847,-0.006595024783318362
2021-07-01,0.0204785313435406,-0.002536210117230168
2021-07-02,-0.0273989741881144,0.00509563830925428
2021-07-06,-0.0498323737478756,-0.0293931584790549
2021-07-07,-0.0296317976063711,-0.0035933067475229733
2021-07-08,-0.0228146777661714,-0.005058197893698579
2021-07-09,0.0524464753725425,0.04171874327491893
2021-07-12,0.0072727593290796,-0.0012471186211161244
2021-07-13,0.0285733724440561,-0.00036376207909137766
2021-07-14,-0.0358461317731357,-0.02126572677341887
2021-07-15,-0.0447836026269733,-0.04645866156933092
2021-07-16,0.0,0.004029955749224729
2021-07-19,-0.0960738300896222,-0.03714691239505788
2021-07-20,0.0330608622608881,0.0023347797269696463
2021-07-21,0.0553500950831649,0.03744009541618695
2021-07-22,-0.0233473639969911,-0.020379544217026698
2021-07-23,0.0233473639969911,0.011045416511733509
2021-07-26,-0.0077220460939103,-0.018834171917164855
2021-07-27,-0.0314986670593709,-0.013283786681763199
2021-07-28,0.0079681696491768,-0.004389285862927094
2021-07-29,0.0157483569681391,0.018075043446504457
2021-07-30,-0.0317486983145803,-0.03177752568167848
2021-08-02,-0.0327898228229908,-0.010190782885283757
2021-08-03,-0.0083682496705166,0.01823629776625783
2021-08-04,0.0,0.0063161588841532165
2021-08-05,0.0330608622608881,0.024459753140412734
2021-08-06,0.063012967828734,0.004638192506278646
2021-08-09,0.0151518050206022,-0.0034407899174046736
2021-08-10,0.0223057575142982,-0.008510940624678652
2021-08-11,-0.0073801072976225,0.007365484520406443
2021-08-12,0.0073801072976225,0.01785825639586619
2021-08-13,-0.0528424813743799,-0.028806052575860375
2021-08-16,-0.0235304974101941,0.029892828762050953
2021-08-17,0.0,-0.014688639825523838
2021-08-18,0.0079051795071132,-0.023523687657733168
2021-08-19,-0.0239055208535544,-0.003220598485465834
2021-08-20,0.0160003413464411,-5.809642517922247e-05
2021-08-23,-0.0079681696491768,0.004156258663424309
2021-08-24,0.0314986670593709,0.026428084370381716
2021-08-25,0.0454623740767574,0.018077472859335354
2021-08-26,-0.0074349784875181,-0.014372264367146644
2021-08-27,-0.0226424767497598,0.002999884263330063
2021-08-31,-0.0076628727455691,0.011914625346489236
2021-09-01,0.0076628727455691,0.007504902296597716
2021-09-02,-0.0153849188394794,-0.005062401759629224
2021-09-03,0.0305367238600817,0.0002428431608928823
2021-09-07,0.0369045569354507,-0.010132136884473933
2021-09-08,-0.021978906718775,-0.019773343763410202
2021-09-09,-0.0377403279828471,-0.033453974049541535
2021-09-10,0.0377403279828471,0.01947609177608879
2021-09-13,-0.0149256502166756,-0.01135645194860663
2021-09-14,-0.0383188643021366,0.0006234460888219467
2021-09-15,0.0231670592815343,0.03054591573860707
2021-09-16,0.0226424767497598,0.014875889547117832
2021-09-17,0.0221411258772135,0.0011910040241749553
2021-09-20,-0.0447836026269733,-0.014571943137208712
2021-09-21,0.0151518050206022,0.002714437953063478
2021-09-22,-0.0075472056353829,0.00595418181701969
2021-09-23,0.0659579677917973,0.020303113122881206
2021-09-24,0.041672696400568,0.00044624745940522186
2021-09-27,0.0067796869853787,0.005330241457545703
2021-09-28,0.0397403286495141,0.02219085537171363
2021-09-29,0.0064725145056174,0.011489143768468832
2021-09-30,-0.0195445960729702,-0.015517947970573499
2021-10-01,-0.0266682470821613,0.003180685084098096
2021-10-04,0.0067340321813441,-0.006714584625792143
2021-10-05,0.03300629646817,0.007057470013136974
2021-10-06,-0.0065146810211937,0.01039882091799203
2021-10-07,0.0321571116345313,0.040499223992046106
2021-10-08,0.0188093319574962,0.0005244739854540054
2021-10-12,-0.0125001627642314,0.002757550471212922
2021-10-13,-0.0190481949706944,0.013398922045229623
2021-10-14,-0.0259754864032606,-0.006267077245986179
2021-10-15,0.0450236813739551,0.020024436201397926
2021-10-18,0.0,-0.004385653166879809
2021-10-19,0.0370412716803489,0.04318646391951251
2021-10-20,0.0,0.0033235447627399054
2021-10-21,0.0180185055026783,0.017917729467777272
2021-10-22,-0.0119761910467156,-0.028962548940281364
2021-10-25,-0.0121213605323448,-0.01887522177152237
2021-10-26,-0.006116227017436,-0.0031489522889030144
2021-10-27,-0.056797598393133,-0.04528598206737784
2021-10-28,0.0192932029346789,0.0115472896959265
2021-10-29,-0.0128206884290614,0.009289402692351229
2021-11-01,0.0191699161077201,0.02534737956196971
2021-11-02,-0.0127390257774297,-0.0021095086748387595
2021-11-03,0.0253178079842898,0.0012076001435878453
2021-11-04,-0.0447358938413915,-0.01819855382902488
2021-11-05,-0.053704178971861,-0.03651300713913845
2021-11-08,0.0405460943943499,0.011347946911299422
2021-11-09,-0.0336732151065879,-0.009812156468860378
2021-11-10,0.0662493855412006,0.03270414205129523
2021-11-12,0.0127390257774297,0.026778133207420014
2021-11-15,0.0311551677797954,-0.002829337874962168
2021-11-16,0.0,0.0012258085544732565
2021-11-17,-0.0185763855729352,-0.02745465237235066
2021-11-18,-0.0062696130135954,-0.0035804528632332475
2021-11-19,-0.0319515998066023,-0.02486987485932182
2021-11-22,0.056797598393133,0.03144432043553727
2021-11-23,0.0242436116099928,0.022136835494074258
2021-11-24,-0.0181273845925567,-0.0026890307412802015
2021-11-29,-0.0759859069779219,-0.015350178197745763
2021-11-30,-0.0610358905863691,-0.03889884853260439
2021-12-01,0.0,0.005096112173146111
2021-12-02,0.0069686693160933,0.004553834136156732
2021-12-03,-0.064538521137571,-0.022816267522300718
2021-12-06,0.0575698518214777,0.02835798861005689
2021-12-07,0.0343676435042077,0.04993814235770482
2021-12-08,0.0266682470821613,0.03657840637650455
2021-12-09,-0.0199342149008172,-0.02737697506908302
2021-12-10,-0.0067340321813441,0.018741992608964857
2021-12-13,-0.0413852161628543,-0.05408360835718583
2021-12-14,0.0139862419747399,-0.004043844605086905
2021-12-15,0.0206192872027356,-0.00020545767895100876
2021-12-16,-0.0206192872027356,-0.014045933979429279
2021-12-17,-0.0210534091978323,-0.007013053601195285
2021-12-20,0.014084739881739,0.006183737097178161
2021-12-21,0.0343676435042077,0.03751051423202859
2021-12-22,-0.0136056520557786,-0.029233441365753555
2021-12-23,0.0270286723879193,0.0010021363004312609
2021-12-29,0.0327898228229909,0.02648363908354177
2021-12-30,-0.0195445960729702,0.017953149731530362
2022-01-04,0.0881072675102668,0.06714670501188702
2022-01-05,0.0296757681461166,0.011995586555100054
2022-01-06,0.0116280379951191,0.0021069400341057628
2022-01-07,0.0171924005403728,0.03579285774528395
2022-01-10,0.0112995552539333,-0.015590574925863644
2022-01-11,-0.0169975763685711,-0.017950408882663558
2022-01-12,-0.005730674708985,-0.011710309778020145
2022-01-13,-0.0232568621642672,-0.004173423015969223
2022-01-14,0.0459851132418234,0.03097356230371403
2022-01-18,0.0493250665625015,0.04500332672161898
2022-01-19,-0.0216224640131658,-0.009697040468161862
2022-01-20,0.0,-0.004694545265668039
2022-01-21,-0.0447001789179068,-0.009095727811414238
