date,true,lasso_pred
2018-11-14,-0.0063897980987708,-0.00014094199374865647
2018-11-15,-0.0032102756302483,-0.00014094199374865647
2018-11-16,-0.0096931292056596,-0.00014094199374865647
2018-11-19,-0.0065146810211937,-0.00014094199374865647
2018-11-20,0.0,-0.00014094199374865647
2018-11-21,0.0,-0.00014094199374865647
2018-11-26,0.0032626456348163,-0.00014094199374865647
2018-11-27,-0.0032626456348163,-0.00014094199374865647
2018-11-28,0.0,-0.00014094199374865647
2018-11-29,-0.0098522964430116,-0.00014094199374865647
2018-11-30,-0.0066225407604934,-0.00014094199374865647
2018-12-03,-0.0100167782434712,-0.00014094199374865647
2018-12-04,-0.0237702193339117,-0.00014094199374865647
2018-12-06,-0.0138410514118714,-0.00014094199374865647
2018-12-07,-0.0069930354909706,-0.00014094199374865647
2018-12-10,0.0,-0.00014094199374865647
2018-12-11,0.0139375078437815,-0.00014094199374865647
2018-12-12,0.0068965790590604,-0.00014094199374865647
2018-12-13,0.0,-0.00014094199374865647
2018-12-14,-0.0068965790590604,-0.00014094199374865647
2018-12-17,-0.0104348772925795,-0.00014094199374865647
2018-12-18,-0.0140847398817389,-0.00014094199374865647
2018-12-19,-0.017889564750775,-0.00014094199374865647
2018-12-20,0.007194275634027,-0.00014094199374865647
2018-12-21,0.0,-0.00014094199374865647
2018-12-27,-0.007194275634027,-0.00014094199374865647
2018-12-28,-0.0182154398913412,-0.00014094199374865647
2019-01-02,-0.0223057575142981,-0.00014094199374865647
2019-01-03,-0.0383188643021366,-0.00014094199374865647
2019-01-04,0.042071213920687,-0.00014094199374865647
2019-01-07,0.0111733005981252,-0.00014094199374865647
2019-01-08,0.0110498361865849,-0.00014094199374865647
2019-01-09,0.0036563112031104,-0.00014094199374865647
2019-01-10,0.0,-0.00014094199374865647
2019-01-11,-0.0110092855083693,-0.00014094199374865647
2019-01-15,0.0036832454162963,-0.00014094199374865647
2019-01-16,0.0036697288889624,-0.00014094199374865647
2019-01-17,0.0072993024816114,-0.00014094199374865647
2019-01-18,0.0144406841547943,-0.00014094199374865647
2019-01-22,-0.0180836754332953,-0.00014094199374865647
2019-01-23,0.0072727593290795,-0.00014094199374865647
2019-01-24,-0.0145987994211524,-0.00014094199374865647
2019-01-25,0.0145987994211524,-0.00014094199374865647
2019-01-28,-0.0036297680505785,-0.00014094199374865647
2019-01-29,-0.0109690313705739,-0.00014094199374865647
2019-01-30,-0.0073801072976225,-0.00014094199374865647
2019-01-31,-0.0262679268206103,-0.00014094199374865647
2019-02-01,0.0262679268206103,-0.00014094199374865647
2019-02-04,0.0110498361865849,-0.00014094199374865647
2019-02-05,-0.0073529743052588,-0.00014094199374865647
2019-02-06,-0.0036968618813261,-0.00014094199374865647
2019-02-07,-0.0186921330121526,-0.00014094199374865647
2019-02-08,-0.0075757938084576,-0.00014094199374865647
2019-02-11,0.0075757938084576,-0.00014094199374865647
2019-02-12,0.0112571545246346,-0.00014094199374865647
2019-02-13,0.0111318403688441,-0.00014094199374865647
2019-02-14,-0.0186225120980018,-0.00014094199374865647
2019-02-15,0.0,-0.00014094199374865647
2019-02-19,-0.0037664827954769,-0.00014094199374865647
2019-02-21,0.0149815536156169,-0.00014094199374865647
2019-02-22,-0.0149815536156169,-0.00014094199374865647
2019-02-25,0.0075188324140273,-0.00014094199374865647
2019-02-26,-0.0112995552539333,-0.00014094199374865647
2019-02-27,0.0187622764555228,-0.00014094199374865647
2019-02-28,0.0147604155831206,-0.00014094199374865647
2019-03-01,0.01092907053219,-0.00014094199374865647
2019-03-04,-0.0145987994211524,-0.00014094199374865647
2019-03-05,0.0,-0.00014094199374865647
2019-03-06,-0.0110906866941582,-0.00014094199374865647
2019-03-07,-0.0187622764555228,-0.00014094199374865647
2019-03-08,-0.0076045993852192,-0.00014094199374865647
2019-03-11,0.0076045993852192,-0.00014094199374865647
2019-03-12,-0.0114286958236228,-0.00014094199374865647
2019-03-13,0.0,-0.00014094199374865647
2019-03-14,0.0076336248550711,-0.00014094199374865647
2019-03-15,-0.0153259704782268,-0.00014094199374865647
2019-03-18,0.00385356931599,-0.00014094199374865647
2019-03-19,0.0038387763071656,-0.00014094199374865647
2019-03-20,-0.0271861403041567,-0.00014094199374865647
2019-03-21,0.0,-0.00014094199374865647
2019-03-22,-0.0401660417253347,-0.00014094199374865647
2019-03-25,-0.0041067819526533,-0.00014094199374865647
2019-03-26,-0.0082645098498934,-0.00014094199374865647
2019-03-27,-0.0083333815591443,-0.00014094199374865647
2019-03-28,0.0,-0.00014094199374865647
2019-03-29,0.0083333815591443,-0.00014094199374865647
2019-04-01,0.0326559629740527,-0.00014094199374865647
2019-04-02,-0.0040241502997255,-0.00014094199374865647
2019-04-03,0.0160003413464411,-0.00014094199374865647
2019-04-04,-0.0039761483796394,-0.00014094199374865647
2019-04-05,-0.0039920212695373,-0.00014094199374865647
2019-04-08,0.0079681696491767,-0.00014094199374865647
2019-04-09,-0.0039761483796394,-0.00014094199374865647
2019-04-10,-0.0120241929668016,-0.00014094199374865647
2019-04-11,0.0120241929668016,-0.00014094199374865647
2019-04-12,0.0197245053477786,-0.00014094199374865647
2019-04-15,-0.0039138993211363,-0.00014094199374865647
2019-04-16,0.0194180858571015,-0.00014094199374865647
2019-04-17,-0.00385356931599,-0.00014094199374865647
2019-04-18,-0.0077519768043179,-0.00014094199374865647
2019-04-23,0.0,-0.00014094199374865647
2019-04-24,-0.0156865961676996,-0.00014094199374865647
2019-04-25,0.0039447782910164,-0.00014094199374865647
2019-04-26,-0.0118813278867527,-0.00014094199374865647
2019-04-29,0.0118813278867527,-0.00014094199374865647
2019-04-30,-0.0118813278867527,-0.00014094199374865647
2019-05-01,0.0039761483796394,-0.00014094199374865647
2019-05-02,0.0118344576470028,-0.00014094199374865647
2019-05-03,-0.0039292781398895,-0.00014094199374865647
2019-05-07,-0.0360760564738095,-0.00014094199374865647
2019-05-08,0.0161946859199806,-0.00014094199374865647
2019-05-09,-0.0161946859199806,-0.00014094199374865647
2019-05-10,0.0081301260832501,-0.00014094199374865647
2019-05-13,-0.028749413285986,-0.00014094199374865647
2019-05-14,0.0082988028146951,-0.00014094199374865647
2019-05-15,-0.0208775850215552,-0.00014094199374865647
2019-05-16,0.01257878220686,-0.00014094199374865647
2019-05-17,-0.0041753714104805,-0.00014094199374865647
2019-05-20,0.0083333815591443,-0.00014094199374865647
2019-05-21,0.0082645098498934,-0.00014094199374865647
2019-05-22,-0.0165978914090377,-0.00014094199374865647
2019-05-23,-0.0340458414097171,-0.00014094199374865647
2019-05-24,0.0043196611445163,-0.00014094199374865647
2019-05-28,-0.0262023723940241,-0.00014094199374865647
2019-05-29,-0.0044345970678656,-0.00014094199374865647
2019-05-30,-0.0134230203321406,-0.00014094199374865647
2019-05-31,-0.036701366850428,-0.00014094199374865647
2019-06-03,-0.0332572217564824,-0.00014094199374865647
2019-06-04,0.0238674814066435,-0.00014094199374865647
2019-06-05,0.0,-0.00014094199374865647
2019-06-06,0.0,-0.00014094199374865647
2019-06-07,-0.0142520227072016,-0.00014094199374865647
2019-06-10,0.0283037761628518,-0.00014094199374865647
2019-06-11,0.0,-0.00014094199374865647
2019-06-12,-0.0093458624182377,-0.00014094199374865647
2019-06-13,-0.0141846349919563,-0.00014094199374865647
2019-06-14,-0.0047732787526577,-0.00014094199374865647
2019-06-17,0.0,-0.00014094199374865647
2019-06-18,-0.0144580831752297,-0.00014094199374865647
2019-06-19,-0.0146701897477938,-0.00014094199374865647
2019-06-20,-0.0099010709827116,-0.00014094199374865647
2019-06-21,0.0294138852062934,-0.00014094199374865647
2019-06-24,-0.0244510958641642,-0.00014094199374865647
2019-06-25,-0.009950330853168,-0.00014094199374865647
2019-06-26,0.0246926125903714,-0.00014094199374865647
2019-06-27,-0.0197050710793325,-0.00014094199374865647
2019-06-28,-0.0049875415110389,-0.00014094199374865647
2019-07-01,0.0148886124937506,-0.00014094199374865647
2019-07-02,-0.024938948347252,-0.00014094199374865647
2019-07-03,-0.010152371464018,-0.00014094199374865647
2019-07-08,0.0448953199078909,-0.00014094199374865647
2019-07-09,0.0097088141269608,-0.00014094199374865647
2019-07-10,0.0,-0.00014094199374865647
2019-07-11,0.028573372444056,-0.00014094199374865647
2019-07-12,-0.0047058910374124,-0.00014094199374865647
2019-07-15,-0.0142520227072016,-0.00014094199374865647
2019-07-16,0.018957913744614,-0.00014094199374865647
2019-07-17,-0.0334159969198438,-0.00014094199374865647
2019-07-18,-0.0097561749453647,-0.00014094199374865647
2019-07-19,0.0048899852941917,-0.00014094199374865647
2019-07-22,0.0,-0.00014094199374865647
2019-07-23,0.0145281005629098,-0.00014094199374865647
2019-07-24,-0.0145281005629098,-0.00014094199374865647
2019-07-25,0.0145281005629098,-0.00014094199374865647
2019-07-26,0.0,-0.00014094199374865647
2019-07-29,-0.0096619109117368,-0.00014094199374865647
2019-07-30,0.0,-0.00014094199374865647
2019-07-31,-0.0196084713883764,-0.00014094199374865647
2019-08-01,-0.0612436252407186,-0.00014094199374865647
2019-08-02,-0.0212773984472847,-0.00014094199374865647
2019-08-05,-0.0609606997896873,-0.00014094199374865647
2019-08-06,-0.011494379425735,-0.00014094199374865647
2019-08-07,-0.0116280379951191,-0.00014094199374865647
2019-08-08,0.0058309203107932,-0.00014094199374865647
2019-08-09,0.0115608224010759,-0.00014094199374865647
2019-08-12,-0.0531098253139484,-0.00014094199374865647
2019-08-13,0.0180185055026783,-0.00014094199374865647
2019-08-14,-0.0550597771830272,-0.00014094199374865647
2019-08-15,-0.0450236813739551,-0.00014094199374865647
2019-08-16,0.0195445960729702,-0.00014094199374865647
2019-08-19,0.0317486983145803,-0.00014094199374865647
2019-08-20,-0.0317486983145803,-0.00014094199374865647
2019-08-21,0.0254790853009849,-0.00014094199374865647
2019-08-22,0.0186921330121525,-0.00014094199374865647
2019-08-23,-0.0637158143861077,-0.00014094199374865647
2019-08-27,-0.0199342149008172,-0.00014094199374865647
2019-08-28,-0.0135137191667228,-0.00014094199374865647
2019-08-29,0.0202027073175194,-0.00014094199374865647
2019-08-30,0.0,-0.00014094199374865647
2019-09-03,-0.0202027073175194,-0.00014094199374865647
2019-09-04,0.0,-0.00014094199374865647
2019-09-05,0.0658132185695718,-0.00014094199374865647
2019-09-06,-0.0128206884290614,-0.00014094199374865647
2019-09-09,0.0503250838875156,-0.00014094199374865647
2019-09-10,0.0537442760066907,-0.00014094199374865647
2019-09-11,0.0172914971100609,-0.00014094199374865647
2019-09-12,0.022599831917241,-0.00014094199374865647
2019-09-13,0.059638266319731,-0.00014094199374865647
2019-09-16,-0.0320883145515004,-0.00014094199374865647
2019-09-17,-0.0164387263431599,-0.00014094199374865647
2019-09-18,-0.0055401803756153,-0.00014094199374865647
2019-09-19,-0.0055710450494553,-0.00014094199374865647
2019-09-20,-0.028330506626226,-0.00014094199374865647
2019-09-23,-0.0115608224010759,-0.00014094199374865647
2019-09-24,-0.0476280489892547,-0.00014094199374865647
2019-09-25,0.0534251666735806,-0.00014094199374865647
2019-09-26,-0.0174931574475172,-0.00014094199374865647
2019-09-27,-0.0058997221271882,-0.00014094199374865647
2019-09-30,-0.0059347355198146,-0.00014094199374865647
2019-10-01,-0.0180185055026783,-0.00014094199374865647
2019-10-02,-0.0307716586667535,-0.00014094199374865647
2019-10-03,-0.0382212128201978,-0.00014094199374865647
2019-10-04,-0.0130720815673527,-0.00014094199374865647
2019-10-07,0.0259754864032606,-0.00014094199374865647
2019-10-08,-0.0129034048359079,-0.00014094199374865647
2019-10-09,0.0319515998066023,-0.00014094199374865647
2019-10-10,0.0490896101965235,-0.00014094199374865647
2019-10-11,0.0524901826213967,-0.00014094199374865647
2019-10-15,0.0056657375356773,-0.00014094199374865647
2019-10-16,-0.0113637586503151,-0.00014094199374865647
2019-10-17,0.0056980211146377,-0.00014094199374865647
2019-10-18,0.0,-0.00014094199374865647
2019-10-21,0.0224728558520586,-0.00014094199374865647
2019-10-22,-0.0111733005981252,-0.00014094199374865647
2019-10-23,-0.0056338177182559,-0.00014094199374865647
2019-10-24,0.0,-0.00014094199374865647
2019-10-25,0.0168071183163812,-0.00014094199374865647
2019-10-28,0.0273989741881144,-0.00014094199374865647
2019-10-29,-0.0054200674693392,-0.00014094199374865647
2019-10-30,-0.0331522073169004,-0.00014094199374865647
2019-10-31,-0.0518848353690116,-0.00014094199374865647
2019-11-01,0.0233928795747054,-0.00014094199374865647
2019-11-04,0.034094211342976,-0.00014094199374865647
2019-11-05,0.0383608678724463,-0.00014094199374865647
2019-11-06,-0.0272496424473756,-0.00014094199374865647
2019-11-07,0.0589983407619557,-0.00014094199374865647
2019-11-08,0.0103627870355466,-0.00014094199374865647
2019-11-12,-0.0103627870355466,-0.00014094199374865647
2019-11-13,-0.0210534091978323,-0.00014094199374865647
2019-11-14,-0.0324352757531537,-0.00014094199374865647
2019-11-15,0.0109290705321902,-0.00014094199374865647
2019-11-18,-0.0164387263431599,-0.00014094199374865647
2019-11-19,-0.0111112254250707,-0.00014094199374865647
2019-11-20,-0.034094211342976,-0.00014094199374865647
2019-11-21,0.0228581380760501,-0.00014094199374865647
2019-11-22,0.0,-0.00014094199374865647
2019-11-25,-0.0056657375356773,-0.00014094199374865647
2019-11-26,-0.0114286958236228,-0.00014094199374865647
2019-11-27,0.0170944333593001,-0.00014094199374865647
2019-11-29,0.0056338177182559,-0.00014094199374865647
2019-12-02,0.0277026025493357,-0.00014094199374865647
2019-12-03,-0.0619916760279678,-0.00014094199374865647
2019-12-04,0.028655255760376,-0.00014094199374865647
2019-12-05,0.0168071183163812,-0.00014094199374865647
2019-12-06,0.0219789067187752,-0.00014094199374865647
2019-12-09,-0.0054496047675647,-0.00014094199374865647
2019-12-10,0.0108696722369039,-0.00014094199374865647
2019-12-11,-0.0329700192375698,-0.00014094199374865647
2019-12-12,0.059638266319731,-0.00014094199374865647
2019-12-13,-0.0430173850836906,-0.00014094199374865647
2019-12-16,0.0377403279828469,-0.00014094199374865647
2019-12-17,0.0,-0.00014094199374865647
2019-12-18,0.0157483569681391,-0.00014094199374865647
2019-12-19,0.0,-0.00014094199374865647
2019-12-20,0.0,-0.00014094199374865647
2019-12-23,0.0051948168771039,-0.00014094199374865647
2019-12-27,-0.0262482260749363,-0.00014094199374865647
2019-12-30,0.0105821093305369,-0.00014094199374865647
2020-01-02,-0.0105821093305369,-0.00014094199374865647
2020-01-03,-0.0434851119397386,-0.00014094199374865647
2020-01-06,0.0055401803756153,-0.00014094199374865647
2020-01-07,0.0109891215755951,-0.00014094199374865647
2020-01-08,0.0216224640131658,-0.00014094199374865647
2020-01-09,-0.0107527917762618,-0.00014094199374865647
2020-01-10,-0.0108696722369039,-0.00014094199374865647
2020-01-13,0.0108696722369039,-0.00014094199374865647
2020-01-14,-0.0163491380015294,-0.00014094199374865647
2020-01-15,-0.0166208812360403,-0.00014094199374865647
2020-01-16,0.0111112254250707,-0.00014094199374865647
2020-01-17,0.0164387263431599,-0.00014094199374865647
2020-01-21,-0.0331522073169004,-0.00014094199374865647
2020-01-22,-0.0056338177182559,-0.00014094199374865647
2020-01-23,-0.0170944333593001,-0.00014094199374865647
2020-01-24,-0.0232568621642672,-0.00014094199374865647
2020-01-27,-0.0543940720657986,-0.00014094199374865647
2020-01-28,0.0245411089161174,-0.00014094199374865647
2020-01-29,-0.0307716586667535,-0.00014094199374865647
2020-01-30,-0.0189280098855189,-0.00014094199374865647
2020-01-31,-0.0389659685333837,-0.00014094199374865647
2020-02-03,0.0196727655987048,-0.00014094199374865647
2020-02-04,0.0444517625708338,-0.00014094199374865647
2020-02-05,0.0305834233720801,-0.00014094199374865647
2020-02-06,-0.0060423144559627,-0.00014094199374865647
2020-02-07,-0.0370412716803489,-0.00014094199374865647
2020-02-10,-0.0190481949706944,-0.00014094199374865647
2020-02-11,0.0190481949706944,-0.00014094199374865647
2020-02-12,0.0186921330121525,-0.00014094199374865647
2020-02-13,-0.006191970247921,-0.00014094199374865647
2020-02-14,-0.0125001627642314,-0.00014094199374865647
2020-02-18,-0.0254790853009849,-0.00014094199374865647
2020-02-19,0.0064308903302904,-0.00014094199374865647
2020-02-20,-0.0259754864032606,-0.00014094199374865647
2020-02-21,-0.0402738991379399,-0.00014094199374865647
2020-02-24,-0.0563529365511318,-0.00014094199374865647
2020-02-25,-0.0369045569354507,-0.00014094199374865647
2020-02-26,0.0,-0.00014094199374865647
2020-02-27,-0.0228146777661714,-0.00014094199374865647
2020-02-28,-0.1401466317432419,-0.00014094199374865647
2020-03-02,-0.0269074529199241,-0.00014094199374865647
2020-03-03,-0.0755075525081452,-0.00014094199374865647
2020-03-04,0.0,-0.00014094199374865647
2020-03-05,-0.1031842362352307,-0.00014094199374865647
2020-03-06,-0.2177234838448706,-0.00014094199374865647
2020-03-09,-0.3150810466398953,-0.00014094199374865647
2020-03-10,0.3417492937220566,-0.00014094199374865647
2020-03-11,0.0759859069779219,-0.00014094199374865647
2020-03-12,0.0706175672139534,-0.00014094199374865647
2020-03-13,0.0659579677917973,-0.00014094199374865647
2020-03-16,-0.2528353411216127,-0.00014094199374865647
2020-03-17,0.3345133721358799,-0.00014094199374865647
2020-03-18,0.1457118111813936,-0.00014094199374865647
2020-03-19,-0.05218575317057,-0.00014094199374865647
2020-03-20,-0.1967102942460543,-0.00014094199374865647
2020-03-23,-0.1910552367627093,-0.00014094199374865647
2020-03-24,0.1000834585569825,-0.00014094199374865647
2020-03-25,0.0465200156348929,-0.00014094199374865647
2020-03-26,-0.0584962066816086,-0.00014094199374865647
2020-03-27,-0.1421744887805426,-0.00014094199374865647
2020-03-30,-0.0281708769666963,-0.00014094199374865647
2020-03-31,0.0,-0.00014094199374865647
2020-04-01,-0.1213608570042673,-0.00014094199374865647
2020-04-02,0.0160003413464411,-0.00014094199374865647
2020-04-03,-0.0160003413464411,-0.00014094199374865647
2020-04-06,0.0775582343458745,-0.00014094199374865647
2020-04-07,0.1127954941453443,-0.00014094199374865647
2020-04-08,0.0263173083173733,-0.00014094199374865647
2020-04-09,-0.0533459807052927,-0.00014094199374865647
2020-04-14,0.0402738991379399,-0.00014094199374865647
2020-04-15,-0.1875986138947983,-0.00014094199374865647
2020-04-16,-0.0322608622182214,-0.00014094199374865647
2020-04-17,0.0635134057223258,-0.00014094199374865647
2020-04-20,-0.0312525435041044,-0.00014094199374865647
2020-04-21,-0.0826917158451134,-0.00014094199374865647
2020-04-22,0.0826917158451134,-0.00014094199374865647
2020-04-23,-0.0322608622182214,-0.00014094199374865647
2020-04-24,-0.0165293019512106,-0.00014094199374865647
2020-04-27,0.1103480571688654,-0.00014094199374865647
2020-04-28,-0.0775582343458745,-0.00014094199374865647
2020-04-29,0.0160003413464411,-0.00014094199374865647
2020-04-30,0.0157483569681392,-0.00014094199374865647
2020-05-01,0.0,-0.00014094199374865647
2020-05-04,0.0,-0.00014094199374865647
2020-05-05,0.0307716586667536,-0.00014094199374865647
2020-05-06,0.0870113769896296,-0.00014094199374865647
2020-05-07,-0.1335313926245225,-0.00014094199374865647
2020-05-11,0.1473247147568584,-0.00014094199374865647
2020-05-12,-0.0563529365511318,-0.00014094199374865647
2020-05-13,-0.0752234212375874,-0.00014094199374865647
2020-05-14,-0.0157483569681392,-0.00014094199374865647
2020-05-15,0.0157483569681392,-0.00014094199374865647
2020-05-18,0.1315763577887192,-0.00014094199374865647
2020-05-19,-0.0419641990990322,-0.00014094199374865647
2020-05-20,-0.0289875368732521,-0.00014094199374865647
2020-05-21,0.0,-0.00014094199374865647
2020-05-22,-0.0298529631496811,-0.00014094199374865647
2020-05-26,0.0444517625708337,-0.00014094199374865647
2020-05-27,-0.0145987994211525,-0.00014094199374865647
2020-05-28,0.0289875368732521,-0.00014094199374865647
2020-05-29,-0.0741079721537217,-0.00014094199374865647
2020-06-01,0.0152674721307884,-0.00014094199374865647
2020-06-02,0.0298529631496811,-0.00014094199374865647
2020-06-03,0.1242977166775771,-0.00014094199374865647
2020-06-04,0.0629138254105692,-0.00014094199374865647
2020-06-05,0.104140259252597,-0.00014094199374865647
2020-06-08,-0.0335226920386435,-0.00014094199374865647
2020-06-09,-0.0465200156348929,-0.00014094199374865647
2020-06-10,-0.1133286853070031,-0.00014094199374865647
2020-06-11,-0.1278333715098848,-0.00014094199374865647
2020-06-12,0.0730251350148897,-0.00014094199374865647
2020-06-15,0.0,-0.00014094199374865647
2020-06-16,0.0548082364949951,-0.00014094199374865647
2020-06-17,-0.0134230203321407,-0.00014094199374865647
2020-06-18,-0.0413852161628544,-0.00014094199374865647
2020-06-19,-0.0141846349919564,-0.00014094199374865647
2020-06-22,0.0141846349919564,-0.00014094199374865647
2020-06-23,0.0139862419747399,-0.00014094199374865647
2020-06-24,-0.0425596144187959,-0.00014094199374865647
2020-06-25,-0.0145987994211525,-0.00014094199374865647
2020-06-26,-0.0606246218164348,-0.00014094199374865647
2020-06-29,0.0,-0.00014094199374865647
2020-06-30,0.0307716586667536,-0.00014094199374865647
2020-07-01,0.0444517625708337,-0.00014094199374865647
2020-07-02,-0.0145987994211525,-0.00014094199374865647
2020-07-06,0.0145987994211525,-0.00014094199374865647
2020-07-07,-0.0597192347016221,-0.00014094199374865647
2020-07-08,0.0303053494953289,-0.00014094199374865647
2020-07-09,-0.0775582343458745,-0.00014094199374865647
2020-07-10,0.0472528848505455,-0.00014094199374865647
2020-07-13,-0.0155041865359652,-0.00014094199374865647
2020-07-14,-0.0157483569681392,-0.00014094199374865647
2020-07-15,0.0157483569681392,-0.00014094199374865647
2020-07-16,-0.0317486983145803,-0.00014094199374865647
2020-07-17,0.0317486983145803,-0.00014094199374865647
2020-07-20,-0.0317486983145803,-0.00014094199374865647
2020-07-21,-0.0162605208717803,-0.00014094199374865647
2020-07-22,-0.0165293019512106,-0.00014094199374865647
2020-07-23,-0.0168071183163812,-0.00014094199374865647
2020-07-24,0.0,-0.00014094199374865647
2020-07-27,0.0495969411393721,-0.00014094199374865647
2020-07-28,-0.0495969411393721,-0.00014094199374865647
2020-07-29,-0.0170944333593001,-0.00014094199374865647
2020-07-30,-0.0531098253139482,-0.00014094199374865647
2020-07-31,0.0,-0.00014094199374865647
2020-08-03,0.0180185055026783,-0.00014094199374865647
2020-08-04,-0.0741079721537218,-0.00014094199374865647
2020-08-05,0.0560894666510435,-0.00014094199374865647
2020-08-06,0.0,-0.00014094199374865647
2020-08-07,0.035718082602079,-0.00014094199374865647
2020-08-10,0.0344861760711693,-0.00014094199374865647
2020-08-11,0.0813456394539525,-0.00014094199374865647
2020-08-12,0.0752234212375874,-0.00014094199374865647
2020-08-13,0.028573372444056,-0.00014094199374865647
2020-08-14,0.0,-0.00014094199374865647
2020-08-17,-0.028573372444056,-0.00014094199374865647
2020-08-18,-0.0294138852062931,-0.00014094199374865647
2020-08-19,0.0148150857851406,-0.00014094199374865647
2020-08-20,-0.0451204352804696,-0.00014094199374865647
2020-08-21,-0.0155041865359652,-0.00014094199374865647
2020-08-24,0.0155041865359652,-0.00014094199374865647
2020-08-25,0.0597192347016221,-0.00014094199374865647
2020-08-26,0.0,-0.00014094199374865647
2020-08-27,0.0699585886069104,-0.00014094199374865647
2020-08-28,0.0,-0.00014094199374865647
2020-09-01,-0.084557388028063,-0.00014094199374865647
2020-09-02,-0.0298529631496811,-0.00014094199374865647
2020-09-03,-0.0465200156348928,-0.00014094199374865647
2020-09-04,0.1335313926245225,-0.00014094199374865647
2020-09-08,-0.0425596144187959,-0.00014094199374865647
2020-09-09,0.028573372444056,-0.00014094199374865647
2020-09-10,-0.0431721718652086,-0.00014094199374865647
2020-09-11,-0.0148150857851406,-0.00014094199374865647
2020-09-14,0.0148150857851406,-0.00014094199374865647
2020-09-15,0.0,-0.00014094199374865647
2020-09-16,0.0145987994211525,-0.00014094199374865647
2020-09-17,0.0,-0.00014094199374865647
2020-09-18,0.0143887374520996,-0.00014094199374865647
2020-09-21,-0.0289875368732521,-0.00014094199374865647
2020-09-22,0.0,-0.00014094199374865647
2020-09-23,0.0,-0.00014094199374865647
2020-09-24,-0.0148150857851406,-0.00014094199374865647
2020-09-25,-0.0150378773645405,-0.00014094199374865647
2020-09-28,0.0150378773645405,-0.00014094199374865647
2020-09-29,-0.0150378773645405,-0.00014094199374865647
2020-09-30,0.0444517625708337,-0.00014094199374865647
2020-10-01,-0.0145987994211525,-0.00014094199374865647
2020-10-02,0.0289875368732521,-0.00014094199374865647
2020-10-05,0.1082135846402328,-0.00014094199374865647
2020-10-06,-0.0259754864032606,-0.00014094199374865647
2020-10-07,0.0637158143861077,-0.00014094199374865647
2020-10-08,-0.037740327982847,-0.00014094199374865647
2020-10-09,0.0127390257774297,-0.00014094199374865647
2020-10-13,-0.0653827592628517,-0.00014094199374865647
2020-10-14,-0.0136056520557786,-0.00014094199374865647
2020-10-15,0.0136056520557786,-0.00014094199374865647
2020-10-16,0.0266682470821613,-0.00014094199374865647
2020-10-19,0.0259754864032606,-0.00014094199374865647
2020-10-20,0.037740327982847,-0.00014094199374865647
2020-10-21,0.024391453124159,-0.00014094199374865647
2020-10-22,0.0470675108579858,-0.00014094199374865647
2020-10-23,-0.0232568621642672,-0.00014094199374865647
2020-10-26,-0.0482021018178775,-0.00014094199374865647
2020-10-27,-0.0250013022054172,-0.00014094199374865647
2020-10-28,0.0,-0.00014094199374865647
2020-10-29,0.0732034040232949,-0.00014094199374865647
2020-10-30,0.03468555798789,-0.00014094199374865647
2020-11-02,-0.0114286958236227,-0.00014094199374865647
2020-11-03,0.0339015516756813,-0.00014094199374865647
2020-11-04,-0.1431008436406733,-0.00014094199374865647
2020-11-05,0.0127390257774297,-0.00014094199374865647
2020-11-06,0.0493927553295763,-0.00014094199374865647
2020-11-09,0.1455075836712383,-0.00014094199374865647
2020-11-10,0.0206192872027357,-0.00014094199374865647
2020-11-12,-0.1076306641923654,-0.00014094199374865647
2020-11-13,0.0112995552539333,-0.00014094199374865647
2020-11-16,0.0222231367847102,-0.00014094199374865647
2020-11-17,-0.0449513878622663,-0.00014094199374865647
2020-11-18,0.0114286958236227,-0.00014094199374865647
2020-11-19,-0.0229895182246987,-0.00014094199374865647
2020-11-20,-0.0355066884569098,-0.00014094199374865647
2020-11-23,0.0355066884569098,-0.00014094199374865647
2020-11-24,0.0229895182246987,-0.00014094199374865647
2020-11-25,0.0,-0.00014094199374865647
2020-11-30,-0.0465200156348929,-0.00014094199374865647
2020-12-01,0.0909717782057267,-0.00014094199374865647
2020-12-02,0.0320883145515004,-0.00014094199374865647
2020-12-03,-0.0320883145515004,-0.00014094199374865647
2020-12-04,0.0529224014543424,-0.00014094199374865647
2020-12-07,-0.0314161962333789,-0.00014094199374865647
2020-12-08,-0.0215062052209634,-0.00014094199374865647
2020-12-09,0.0320883145515004,-0.00014094199374865647
2020-12-10,-0.0320883145515004,-0.00014094199374865647
2020-12-11,-0.0219789067187752,-0.00014094199374865647
2020-12-14,0.0,-0.00014094199374865647
2020-12-15,0.0219789067187752,-0.00014094199374865647
2020-12-16,0.0,-0.00014094199374865647
2020-12-17,0.0215062052209634,-0.00014094199374865647
2020-12-18,0.0105821093305369,-0.00014094199374865647
2020-12-21,0.0,-0.00014094199374865647
2020-12-22,-0.0212773984472847,-0.00014094199374865647
2020-12-23,0.0317486983145802,-0.00014094199374865647
2020-12-29,-0.0210534091978323,-0.00014094199374865647
2020-12-30,-0.0106952891167478,-0.00014094199374865647
2020-12-31,0.0,-0.00014094199374865647
2021-01-04,0.0,-0.00014094199374865647
2021-01-05,0.0317486983145802,-0.00014094199374865647
2021-01-06,0.0800427076735365,-0.00014094199374865647
2021-01-07,0.037740327982847,-0.00014094199374865647
2021-01-08,0.0452565915881207,-0.00014094199374865647
2021-01-11,0.0175443096509095,-0.00014094199374865647
2021-01-12,0.0,-0.00014094199374865647
2021-01-13,-0.0444517625708336,-0.00014094199374865647
2021-01-14,0.0444517625708336,-0.00014094199374865647
2021-01-15,-0.0354019270509157,-0.00014094199374865647
2021-01-19,-0.0090498355199179,-0.00014094199374865647
2021-01-21,0.0180185055026783,-0.00014094199374865647
2021-01-22,-0.0180185055026783,-0.00014094199374865647
2021-01-25,-0.0465200156348928,-0.00014094199374865647
2021-01-26,0.0,-0.00014094199374865647
2021-01-27,-0.0095694510161507,-0.00014094199374865647
2021-01-28,0.0284379353205335,-0.00014094199374865647
2021-01-29,0.0367013668504279,-0.00014094199374865647
2021-02-01,-0.0181823190831904,-0.00014094199374865647
2021-02-02,0.0271509890659508,-0.00014094199374865647
2021-02-03,0.0264332570681553,-0.00014094199374865647
2021-02-04,0.0,-0.00014094199374865647
2021-02-05,0.0341913647482793,-0.00014094199374865647
2021-02-08,0.0,-0.00014094199374865647
2021-02-09,-0.0084388686458646,-0.00014094199374865647
2021-02-10,-0.0257524961024147,-0.00014094199374865647
2021-02-11,0.0086580627431145,-0.00014094199374865647
2021-02-12,0.0339015516756813,-0.00014094199374865647
2021-02-16,0.0800427076735364,-0.00014094199374865647
2021-02-17,-0.0077220460939103,-0.00014094199374865647
2021-02-18,0.0,-0.00014094199374865647
2021-02-19,0.0380273955892392,-0.00014094199374865647
2021-02-22,0.0221411258772135,-0.00014094199374865647
2021-02-23,0.0,-0.00014094199374865647
2021-02-24,0.0072727593290796,-0.00014094199374865647
2021-02-25,0.1096989172564246,-0.00014094199374865647
2021-02-26,-0.0671393028376285,-0.00014094199374865647
2021-03-01,0.0069204428445737,-0.00014094199374865647
2021-03-02,-0.0209066848193136,-0.00014094199374865647
2021-03-03,0.0346055291774755,-0.00014094199374865647
2021-03-04,0.0465200156348929,-0.00014094199374865647
2021-03-05,0.0129034048359079,-0.00014094199374865647
2021-03-08,0.0190481949706944,-0.00014094199374865647
2021-03-09,-0.0254790853009849,-0.00014094199374865647
2021-03-10,-0.0129871955268112,-0.00014094199374865647
2021-03-11,0.0065146810211937,-0.00014094199374865647
2021-03-12,0.0629138254105691,-0.00014094199374865647
2021-03-15,-0.0122700925918142,-0.00014094199374865647
2021-03-16,0.0,-0.00014094199374865647
2021-03-17,0.0061538655743781,-0.00014094199374865647
2021-03-18,0.0479133556958975,-0.00014094199374865647
2021-03-19,0.0173917427118691,-0.00014094199374865647
2021-03-22,-0.0291565842914555,-0.00014094199374865647
2021-03-23,-0.0361485141163112,-0.00014094199374865647
2021-03-24,-0.0061538655743781,-0.00014094199374865647
2021-03-25,0.0061538655743781,-0.00014094199374865647
2021-03-26,0.0242436116099928,-0.00014094199374865647
2021-03-29,0.0352977820810238,-0.00014094199374865647
2021-03-30,0.0,-0.00014094199374865647
2021-03-31,0.00576370471675,-0.00014094199374865647
2021-04-01,-0.0291565842914555,-0.00014094199374865647
2021-04-06,-0.0119049025063183,-0.00014094199374865647
2021-04-07,0.0059701669865037,-0.00014094199374865647
2021-04-08,-0.0240975515790605,-0.00014094199374865647
2021-04-09,0.0181273845925567,-0.00014094199374865647
2021-04-12,0.0119049025063183,-0.00014094199374865647
2021-04-13,-0.0300322870988751,-0.00014094199374865647
2021-04-14,0.0,-0.00014094199374865647
2021-04-15,-0.0500104205746612,-0.00014094199374865647
2021-04-16,0.0190481949706944,-0.00014094199374865647
2021-04-19,0.0125001627642314,-0.00014094199374865647
2021-04-20,-0.0188093319574962,-0.00014094199374865647
2021-04-21,-0.0063492276786587,-0.00014094199374865647
2021-04-22,0.0,-0.00014094199374865647
2021-04-23,0.0063492276786587,-0.00014094199374865647
2021-04-26,0.0,-0.00014094199374865647
2021-04-27,0.0311551677797954,-0.00014094199374865647
2021-04-28,0.0,-0.00014094199374865647
2021-04-29,0.0121952730938182,-0.00014094199374865647
2021-04-30,0.0,-0.00014094199374865647
2021-05-04,-0.0245411089161174,-0.00014094199374865647
2021-05-05,-0.0125001627642314,-0.00014094199374865647
2021-05-06,-0.0063091691932647,-0.00014094199374865647
2021-05-07,0.0125787822068601,-0.00014094199374865647
2021-05-10,0.0185763855729352,-0.00014094199374865647
2021-05-11,0.006116227017436,-0.00014094199374865647
2021-05-12,0.0300322870988751,-0.00014094199374865647
2021-05-13,-0.0179109265665302,-0.00014094199374865647
2021-05-14,-0.0182375875497809,-0.00014094199374865647
2021-05-17,0.006116227017436,-0.00014094199374865647
2021-05-18,0.0,-0.00014094199374865647
2021-05-19,0.0240975515790605,-0.00014094199374865647
2021-05-20,-0.0302137785964966,-0.00014094199374865647
2021-05-21,0.0,-0.00014094199374865647
2021-05-24,-0.0123458358222992,-0.00014094199374865647
2021-05-25,-0.0315483577349259,-0.00014094199374865647
2021-05-26,0.0127390257774297,-0.00014094199374865647
2021-05-27,0.0188093319574962,-0.00014094199374865647
2021-05-28,-0.0188093319574962,-0.00014094199374865647
2021-06-01,0.0250013022054172,-0.00014094199374865647
2021-06-02,-0.0186921330121525,-0.00014094199374865647
2021-06-03,0.0248459985865306,-0.00014094199374865647
2021-06-04,-0.0438941935572251,-0.00014094199374865647
2021-06-07,0.0063897980987709,-0.00014094199374865647
2021-06-08,-0.0258078839558726,-0.00014094199374865647
2021-06-09,-0.0198026272961797,-0.00014094199374865647
2021-06-10,-0.0339015516756813,-0.00014094199374865647
2021-06-11,0.0136988443581618,-0.00014094199374865647
2021-06-14,0.026847250036188,-0.00014094199374865647
2021-06-15,0.0,-0.00014094199374865647
2021-06-16,0.0389659685333837,-0.00014094199374865647
2021-06-17,-0.0323652845020316,-0.00014094199374865647
2021-06-18,-0.047146778425702,-0.00014094199374865647
2021-06-21,0.0339015516756813,-0.00014094199374865647
2021-06-22,-0.0134230203321407,-0.00014094199374865647
2021-06-23,0.0134230203321407,-0.00014094199374865647
2021-06-24,-0.0066889881507966,-0.00014094199374865647
2021-06-25,0.03300629646817,-0.00014094199374865647
2021-06-28,-0.03300629646817,-0.00014094199374865647
2021-06-29,0.0,-0.00014094199374865647
2021-06-30,-0.0272125635248847,-0.00014094199374865647
2021-07-01,0.0204785313435406,-0.00014094199374865647
2021-07-02,-0.0273989741881144,-0.00014094199374865647
2021-07-06,-0.0498323737478756,-0.00014094199374865647
2021-07-07,-0.0296317976063711,-0.00014094199374865647
2021-07-08,-0.0228146777661714,-0.00014094199374865647
2021-07-09,0.0524464753725425,-0.00014094199374865647
2021-07-12,0.0072727593290796,-0.00014094199374865647
2021-07-13,0.0285733724440561,-0.00014094199374865647
2021-07-14,-0.0358461317731357,-0.00014094199374865647
2021-07-15,-0.0447836026269733,-0.00014094199374865647
2021-07-16,0.0,-0.00014094199374865647
2021-07-19,-0.0960738300896222,-0.00014094199374865647
2021-07-20,0.0330608622608881,-0.00014094199374865647
2021-07-21,0.0553500950831649,-0.00014094199374865647
2021-07-22,-0.0233473639969911,-0.00014094199374865647
2021-07-23,0.0233473639969911,-0.00014094199374865647
2021-07-26,-0.0077220460939103,-0.00014094199374865647
2021-07-27,-0.0314986670593709,-0.00014094199374865647
2021-07-28,0.0079681696491768,-0.00014094199374865647
2021-07-29,0.0157483569681391,-0.00014094199374865647
2021-07-30,-0.0317486983145803,-0.00014094199374865647
2021-08-02,-0.0327898228229908,-0.00014094199374865647
2021-08-03,-0.0083682496705166,-0.00014094199374865647
2021-08-04,0.0,-0.00014094199374865647
2021-08-05,0.0330608622608881,-0.00014094199374865647
2021-08-06,0.063012967828734,-0.00014094199374865647
2021-08-09,0.0151518050206022,-0.00014094199374865647
2021-08-10,0.0223057575142982,-0.00014094199374865647
2021-08-11,-0.0073801072976225,-0.00014094199374865647
2021-08-12,0.0073801072976225,-0.00014094199374865647
2021-08-13,-0.0528424813743799,-0.00014094199374865647
2021-08-16,-0.0235304974101941,-0.00014094199374865647
2021-08-17,0.0,-0.00014094199374865647
2021-08-18,0.0079051795071132,-0.00014094199374865647
2021-08-19,-0.0239055208535544,-0.00014094199374865647
2021-08-20,0.0160003413464411,-0.00014094199374865647
2021-08-23,-0.0079681696491768,-0.00014094199374865647
2021-08-24,0.0314986670593709,-0.00014094199374865647
2021-08-25,0.0454623740767574,-0.00014094199374865647
2021-08-26,-0.0074349784875181,-0.00014094199374865647
2021-08-27,-0.0226424767497598,-0.00014094199374865647
2021-08-31,-0.0076628727455691,-0.00014094199374865647
2021-09-01,0.0076628727455691,-0.00014094199374865647
2021-09-02,-0.0153849188394794,-0.00014094199374865647
2021-09-03,0.0305367238600817,-0.00014094199374865647
2021-09-07,0.0369045569354507,-0.00014094199374865647
2021-09-08,-0.021978906718775,-0.00014094199374865647
2021-09-09,-0.0377403279828471,-0.00014094199374865647
2021-09-10,0.0377403279828471,-0.00014094199374865647
2021-09-13,-0.0149256502166756,-0.00014094199374865647
2021-09-14,-0.0383188643021366,-0.00014094199374865647
2021-09-15,0.0231670592815343,-0.00014094199374865647
2021-09-16,0.0226424767497598,-0.00014094199374865647
2021-09-17,0.0221411258772135,-0.00014094199374865647
2021-09-20,-0.0447836026269733,-0.00014094199374865647
2021-09-21,0.0151518050206022,-0.00014094199374865647
2021-09-22,-0.0075472056353829,-0.00014094199374865647
2021-09-23,0.0659579677917973,-0.00014094199374865647
2021-09-24,0.041672696400568,-0.00014094199374865647
2021-09-27,0.0067796869853787,-0.00014094199374865647
2021-09-28,0.0397403286495141,-0.00014094199374865647
2021-09-29,0.0064725145056174,-0.00014094199374865647
2021-09-30,-0.0195445960729702,-0.00014094199374865647
2021-10-01,-0.0266682470821613,-0.00014094199374865647
2021-10-04,0.0067340321813441,-0.00014094199374865647
2021-10-05,0.03300629646817,-0.00014094199374865647
2021-10-06,-0.0065146810211937,-0.00014094199374865647
2021-10-07,0.0321571116345313,-0.00014094199374865647
2021-10-08,0.0188093319574962,-0.00014094199374865647
2021-10-12,-0.0125001627642314,-0.00014094199374865647
2021-10-13,-0.0190481949706944,-0.00014094199374865647
2021-10-14,-0.0259754864032606,-0.00014094199374865647
2021-10-15,0.0450236813739551,-0.00014094199374865647
2021-10-18,0.0,-0.00014094199374865647
2021-10-19,0.0370412716803489,-0.00014094199374865647
2021-10-20,0.0,-0.00014094199374865647
2021-10-21,0.0180185055026783,-0.00014094199374865647
2021-10-22,-0.0119761910467156,-0.00014094199374865647
2021-10-25,-0.0121213605323448,-0.00014094199374865647
2021-10-26,-0.006116227017436,-0.00014094199374865647
2021-10-27,-0.056797598393133,-0.00014094199374865647
2021-10-28,0.0192932029346789,-0.00014094199374865647
2021-10-29,-0.0128206884290614,-0.00014094199374865647
2021-11-01,0.0191699161077201,-0.00014094199374865647
2021-11-02,-0.0127390257774297,-0.00014094199374865647
2021-11-03,0.0253178079842898,-0.00014094199374865647
2021-11-04,-0.0447358938413915,-0.00014094199374865647
2021-11-05,-0.053704178971861,-0.00014094199374865647
2021-11-08,0.0405460943943499,-0.00014094199374865647
2021-11-09,-0.0336732151065879,-0.00014094199374865647
2021-11-10,0.0662493855412006,-0.00014094199374865647
2021-11-12,0.0127390257774297,-0.00014094199374865647
2021-11-15,0.0311551677797954,-0.00014094199374865647
2021-11-16,0.0,-0.00014094199374865647
2021-11-17,-0.0185763855729352,-0.00014094199374865647
2021-11-18,-0.0062696130135954,-0.00014094199374865647
2021-11-19,-0.0319515998066023,-0.00014094199374865647
2021-11-22,0.056797598393133,-0.00014094199374865647
2021-11-23,0.0242436116099928,-0.00014094199374865647
2021-11-24,-0.0181273845925567,-0.00014094199374865647
2021-11-29,-0.0759859069779219,-0.00014094199374865647
2021-11-30,-0.0610358905863691,-0.00014094199374865647
2021-12-01,0.0,-0.00014094199374865647
2021-12-02,0.0069686693160933,-0.00014094199374865647
2021-12-03,-0.064538521137571,-0.00014094199374865647
2021-12-06,0.0575698518214777,-0.00014094199374865647
2021-12-07,0.0343676435042077,-0.00014094199374865647
2021-12-08,0.0266682470821613,-0.00014094199374865647
2021-12-09,-0.0199342149008172,-0.00014094199374865647
2021-12-10,-0.0067340321813441,-0.00014094199374865647
2021-12-13,-0.0413852161628543,-0.00014094199374865647
2021-12-14,0.0139862419747399,-0.00014094199374865647
2021-12-15,0.0206192872027356,-0.00014094199374865647
2021-12-16,-0.0206192872027356,-0.00014094199374865647
2021-12-17,-0.0210534091978323,-0.00014094199374865647
2021-12-20,0.014084739881739,-0.00014094199374865647
2021-12-21,0.0343676435042077,-0.00014094199374865647
2021-12-22,-0.0136056520557786,-0.00014094199374865647
2021-12-23,0.0270286723879193,-0.00014094199374865647
2021-12-29,0.0327898228229909,-0.00014094199374865647
2021-12-30,-0.0195445960729702,-0.00014094199374865647
2022-01-04,0.0881072675102668,-0.00014094199374865647
2022-01-05,0.0296757681461166,-0.00014094199374865647
2022-01-06,0.0116280379951191,-0.00014094199374865647
2022-01-07,0.0171924005403728,-0.00014094199374865647
2022-01-10,0.0112995552539333,-0.00014094199374865647
2022-01-11,-0.0169975763685711,-0.00014094199374865647
2022-01-12,-0.005730674708985,-0.00014094199374865647
2022-01-13,-0.0232568621642672,-0.00014094199374865647
2022-01-14,0.0459851132418234,-0.00014094199374865647
2022-01-18,0.0493250665625015,-0.00014094199374865647
2022-01-19,-0.0216224640131658,-0.00014094199374865647
2022-01-20,0.0,-0.00014094199374865647
2022-01-21,-0.0447001789179068,-0.00014094199374865647
