date,true,lgbm_pred
2018-11-14,-0.0063897980987708,-0.004095517601360258
2018-11-15,-0.0032102756302483,0.0038506340056263734
2018-11-16,-0.0096931292056596,-0.0014866516591000637
2018-11-19,-0.0065146810211937,-0.011276466299720551
2018-11-20,0.0,-0.013488028778774995
2018-11-21,0.0,0.003149389204004706
2018-11-26,0.0032626456348163,0.009464773032104988
2018-11-27,-0.0032626456348163,0.0021669391116710553
2018-11-28,0.0,0.009439803740929592
2018-11-29,-0.0098522964430116,-0.004570941201766232
2018-11-30,-0.0066225407604934,-0.0013560472119985732
2018-12-03,-0.0100167782434712,-0.002281385882111164
2018-12-04,-0.0237702193339117,-0.01589080115442814
2018-12-06,-0.0138410514118714,-0.01035329388146726
2018-12-07,-0.0069930354909706,-0.01547534206867834
2018-12-10,0.0,-0.0007571223238642644
2018-12-11,0.0139375078437815,-0.0021703099425075577
2018-12-12,0.0068965790590604,0.0005755496206817676
2018-12-13,0.0,-0.0006664375935764483
2018-12-14,-0.0068965790590604,-0.004412097620199454
2018-12-17,-0.0104348772925795,-0.014583980790022866
2018-12-18,-0.0140847398817389,-0.00784231700388816
2018-12-19,-0.017889564750775,-0.010717150506655245
2018-12-20,0.007194275634027,-0.011343411769790222
2018-12-21,0.0,-0.017682266384799188
2018-12-27,-0.007194275634027,0.0014255461982916082
2018-12-28,-0.0182154398913412,-0.005775701862090644
2019-01-02,-0.0223057575142981,0.005203767133505523
2019-01-03,-0.0383188643021366,-0.028652599249996104
2019-01-04,0.042071213920687,0.03292911663492115
2019-01-07,0.0111733005981252,0.014184010132581387
2019-01-08,0.0110498361865849,0.009252767825881884
2019-01-09,0.0036563112031104,0.008828101063063554
2019-01-10,0.0,0.0032253418394485403
2019-01-11,-0.0110092855083693,-0.006911414487465144
2019-01-15,0.0036832454162963,0.0014245829878079877
2019-01-16,0.0036697288889624,-0.00458215096733846
2019-01-17,0.0072993024816114,0.0027358821114948704
2019-01-18,0.0144406841547943,0.010054515649700023
2019-01-22,-0.0180836754332953,-0.016248629443400112
2019-01-23,0.0072727593290795,0.003158893557859811
2019-01-24,-0.0145987994211524,-0.0024000609768069945
2019-01-25,0.0145987994211524,0.009519166402558375
2019-01-28,-0.0036297680505785,-0.009847930575908518
2019-01-29,-0.0109690313705739,-0.0048577606279620045
2019-01-30,-0.0073801072976225,0.006241447189542622
2019-01-31,-0.0262679268206103,-0.0017030803895170827
2019-02-01,0.0262679268206103,0.009915999901220468
2019-02-04,0.0110498361865849,0.012615346116771465
2019-02-05,-0.0073529743052588,-0.011781114517384941
2019-02-06,-0.0036968618813261,-0.00891569464546883
2019-02-07,-0.0186921330121526,-0.016671295126020436
2019-02-08,-0.0075757938084576,-0.003920298449365936
2019-02-11,0.0075757938084576,-0.002412628617404851
2019-02-12,0.0112571545246346,0.010635434652918012
2019-02-13,0.0111318403688441,0.0056213875449928775
2019-02-14,-0.0186225120980018,-0.006757117297637251
2019-02-15,0.0,-0.000851855513268082
2019-02-19,-0.0037664827954769,-0.008051381389149603
2019-02-21,0.0149815536156169,0.011341009443887093
2019-02-22,-0.0149815536156169,-0.002059616003265673
2019-02-25,0.0075188324140273,0.004900880266055847
2019-02-26,-0.0112995552539333,-0.006864751494937309
2019-02-27,0.0187622764555228,0.003816303362800303
2019-02-28,0.0147604155831206,0.006791350388906221
2019-03-01,0.01092907053219,0.007485790893862192
2019-03-04,-0.0145987994211524,0.00023127726258749212
2019-03-05,0.0,-0.008718597281413725
2019-03-06,-0.0110906866941582,-0.01311099991003973
2019-03-07,-0.0187622764555228,-0.007369919595482967
2019-03-08,-0.0076045993852192,-0.005859183149695933
2019-03-11,0.0076045993852192,0.012801962836712243
2019-03-12,-0.0114286958236228,0.004077073993491114
2019-03-13,0.0,0.0003837399624497425
2019-03-14,0.0076336248550711,-0.002529114939712167
2019-03-15,-0.0153259704782268,-0.005104934908093996
2019-03-18,0.00385356931599,0.006066233560223553
2019-03-19,0.0038387763071656,0.0003049326222665932
2019-03-20,-0.0271861403041567,-0.008997391617744141
2019-03-21,0.0,-0.0007493084115071904
2019-03-22,-0.0401660417253347,-0.020577085754800873
2019-03-25,-0.0041067819526533,-0.006058029733227737
2019-03-26,-0.0082645098498934,0.003830464413621498
2019-03-27,-0.0083333815591443,-0.009873010613259311
2019-03-28,0.0,0.004290675926399826
2019-03-29,0.0083333815591443,0.009571707448256209
2019-04-01,0.0326559629740527,0.014934211041002387
2019-04-02,-0.0040241502997255,-0.0068443909185550746
2019-04-03,0.0160003413464411,0.0074818147315816735
2019-04-04,-0.0039761483796394,0.0009896102351631187
2019-04-05,-0.0039920212695373,-0.0003195696452173664
2019-04-08,0.0079681696491767,-0.0031248170050936826
2019-04-09,-0.0039761483796394,-0.00013565297489992998
2019-04-10,-0.0120241929668016,-0.000962920148703337
2019-04-11,0.0120241929668016,-0.002572301098180679
2019-04-12,0.0197245053477786,0.010202611481092777
2019-04-15,-0.0039138993211363,3.585216370824488e-05
2019-04-16,0.0194180858571015,0.0037243975530639314
2019-04-17,-0.00385356931599,0.012732423707475387
2019-04-18,-0.0077519768043179,-0.0029499157214479175
2019-04-23,0.0,0.012098185352984358
2019-04-24,-0.0156865961676996,-0.006242105998931797
2019-04-25,0.0039447782910164,0.0013240617197913442
2019-04-26,-0.0118813278867527,-0.0002796824575148163
2019-04-29,0.0118813278867527,0.004692738407634048
2019-04-30,-0.0118813278867527,-0.008280482035558223
2019-05-01,0.0039761483796394,-0.01418274793439078
2019-05-02,0.0118344576470028,-0.0009113088718167469
2019-05-03,-0.0039292781398895,0.0016795630951670043
2019-05-07,-0.0360760564738095,-0.021171400261091156
2019-05-08,0.0161946859199806,0.008815355728682889
2019-05-09,-0.0161946859199806,-0.004820952319452643
2019-05-10,0.0081301260832501,0.005581486794068999
2019-05-13,-0.028749413285986,-0.012298219238220585
2019-05-14,0.0082988028146951,0.0035936331267409586
2019-05-15,-0.0208775850215552,-0.007553867580537006
2019-05-16,0.01257878220686,0.007366133007609144
2019-05-17,-0.0041753714104805,-0.009756030511514604
2019-05-20,0.0083333815591443,-0.003288788142630035
2019-05-21,0.0082645098498934,0.006591649849489054
2019-05-22,-0.0165978914090377,-0.009917573718012508
2019-05-23,-0.0340458414097171,-0.014298862772367959
2019-05-24,0.0043196611445163,0.005186838087222848
2019-05-28,-0.0262023723940241,-0.010391941132924638
2019-05-29,-0.0044345970678656,-0.013579641526101971
2019-05-30,-0.0134230203321406,-0.00039095876783244173
2019-05-31,-0.036701366850428,-0.04541892556318417
2019-06-03,-0.0332572217564824,-0.01696681140210131
2019-06-04,0.0238674814066435,0.023855729413753794
2019-06-05,0.0,0.010433163423638685
2019-06-06,0.0,-0.0018445847134387092
2019-06-07,-0.0142520227072016,0.0023732528476075095
2019-06-10,0.0283037761628518,0.009391543188725865
2019-06-11,0.0,0.003348432163429567
2019-06-12,-0.0093458624182377,-0.011180367381244378
2019-06-13,-0.0141846349919563,0.010530068684445759
2019-06-14,-0.0047732787526577,-0.003648811198257045
2019-06-17,0.0,0.0019121493913438015
2019-06-18,-0.0144580831752297,0.0042824425084403255
2019-06-19,-0.0146701897477938,0.001107091354306715
2019-06-20,-0.0099010709827116,0.01241428102994077
2019-06-21,0.0294138852062934,0.010805073509849009
2019-06-24,-0.0244510958641642,-0.004493799881601694
2019-06-25,-0.009950330853168,-0.010284470564746543
2019-06-26,0.0246926125903714,-0.00045642927040590004
2019-06-27,-0.0197050710793325,0.0019771684056672993
2019-06-28,-0.0049875415110389,0.002096945105217822
2019-07-01,0.0148886124937506,0.028252498668430274
2019-07-02,-0.024938948347252,-0.01903972594453642
2019-07-03,-0.010152371464018,-0.0009267762134452639
2019-07-08,0.0448953199078909,0.003154474277776151
2019-07-09,0.0097088141269608,0.008081972029258548
2019-07-10,0.0,-0.003313794328900904
2019-07-11,0.028573372444056,0.004823435145337184
2019-07-12,-0.0047058910374124,0.005221090678908542
2019-07-15,-0.0142520227072016,-0.005624902253457792
2019-07-16,0.018957913744614,0.012209979562702578
2019-07-17,-0.0334159969198438,-0.019229033736564517
2019-07-18,-0.0097561749453647,0.0008473925887808059
2019-07-19,0.0048899852941917,-0.00020261259847698503
2019-07-22,0.0,0.007521555881647589
2019-07-23,0.0145281005629098,0.0005165449742079685
2019-07-24,-0.0145281005629098,0.003148079793341423
2019-07-25,0.0145281005629098,-0.0011200909863866575
2019-07-26,0.0,-0.004403339434090075
2019-07-29,-0.0096619109117368,-0.002596465611991426
2019-07-30,0.0,-0.004985724117715827
2019-07-31,-0.0196084713883764,-0.018738964645318948
2019-08-01,-0.0612436252407186,-0.021539351396321633
2019-08-02,-0.0212773984472847,-0.008933467491656874
2019-08-05,-0.0609606997896873,-0.04546002560684624
2019-08-06,-0.011494379425735,0.0033757293219134643
2019-08-07,-0.0116280379951191,-0.012317934198879327
2019-08-08,0.0058309203107932,0.010313198734467776
2019-08-09,0.0115608224010759,-0.005889387194612892
2019-08-12,-0.0531098253139484,-0.025332376334823343
2019-08-13,0.0180185055026783,0.010682401811130234
2019-08-14,-0.0550597771830272,-0.04139771426570945
2019-08-15,-0.0450236813739551,-0.019661140085774693
2019-08-16,0.0195445960729702,0.008697589427461629
2019-08-19,0.0317486983145803,0.007991692612188739
2019-08-20,-0.0317486983145803,-0.025626517117074712
2019-08-21,0.0254790853009849,-0.008651542088280327
2019-08-22,0.0186921330121525,-0.014724508131522086
2019-08-23,-0.0637158143861077,-0.04708891977052788
2019-08-27,-0.0199342149008172,0.001221645026179098
2019-08-28,-0.0135137191667228,-0.0005011435914789257
2019-08-29,0.0202027073175194,-0.0006205191501508133
2019-08-30,0.0,-0.004621071489507062
2019-09-03,-0.0202027073175194,-0.029569331270865362
2019-09-04,0.0,0.021692230895137523
2019-09-05,0.0658132185695718,0.024805072137183217
2019-09-06,-0.0128206884290614,-0.0058196614105074625
2019-09-09,0.0503250838875156,0.009224766363962073
2019-09-10,0.0537442760066907,0.013073332543698626
2019-09-11,0.0172914971100609,0.01386944447939864
2019-09-12,0.022599831917241,0.00036649103235022616
2019-09-13,0.059638266319731,0.030680807799977516
2019-09-16,-0.0320883145515004,0.012923579025418758
2019-09-17,-0.0164387263431599,-0.006977885325241062
2019-09-18,-0.0055401803756153,-0.010337322314941257
2019-09-19,-0.0055710450494553,0.005641950146033578
2019-09-20,-0.028330506626226,-0.008590834108096605
2019-09-23,-0.0115608224010759,-0.0030084117446901168
2019-09-24,-0.0476280489892547,0.0025701683098054567
2019-09-25,0.0534251666735806,0.01653292401723499
2019-09-26,-0.0174931574475172,0.0038393198321687366
2019-09-27,-0.0058997221271882,-0.007861303535237122
2019-09-30,-0.0059347355198146,0.0026780230112215513
2019-10-01,-0.0180185055026783,-0.0037673408324612172
2019-10-02,-0.0307716586667535,-0.02841933718676182
2019-10-03,-0.0382212128201978,-0.015249815150386765
2019-10-04,-0.0130720815673527,0.008467344151735964
2019-10-07,0.0259754864032606,-0.011583978714649442
2019-10-08,-0.0129034048359079,-0.03320966167144469
2019-10-09,0.0319515998066023,0.00622231186941337
2019-10-10,0.0490896101965235,0.014281336270603578
2019-10-11,0.0524901826213967,0.00487276755512094
2019-10-15,0.0056657375356773,0.002738184299477431
2019-10-16,-0.0113637586503151,-0.00125979671136413
2019-10-17,0.0056980211146377,0.006224357498305164
2019-10-18,0.0,-0.0033372053367202057
2019-10-21,0.0224728558520586,0.013460115148500588
2019-10-22,-0.0111733005981252,0.000276194138584876
2019-10-23,-0.0056338177182559,0.020655807613069458
2019-10-24,0.0,-0.01907857476055954
2019-10-25,0.0168071183163812,0.010968941585479154
2019-10-28,0.0273989741881144,0.006986209092555769
2019-10-29,-0.0054200674693392,0.003450537687798036
2019-10-30,-0.0331522073169004,0.0017600886151448866
2019-10-31,-0.0518848353690116,-0.010196057721533836
2019-11-01,0.0233928795747054,0.02195183811337038
2019-11-04,0.034094211342976,0.02146240800573172
2019-11-05,0.0383608678724463,0.014820129734253023
2019-11-06,-0.0272496424473756,0.006728841099426358
2019-11-07,0.0589983407619557,0.009755615674918124
2019-11-08,0.0103627870355466,-0.00039915561631701164
2019-11-12,-0.0103627870355466,-0.01272070522426624
2019-11-13,-0.0210534091978323,-0.0024893778463571034
2019-11-14,-0.0324352757531537,-0.0017138858842164777
2019-11-15,0.0109290705321902,0.01180626437716324
2019-11-18,-0.0164387263431599,-0.007645524442208194
2019-11-19,-0.0111112254250707,-0.00993276323417804
2019-11-20,-0.034094211342976,-0.008922866943021815
2019-11-21,0.0228581380760501,0.010567272162508525
2019-11-22,0.0,-0.0026812010254813954
2019-11-25,-0.0056657375356773,-0.0014706925058330567
2019-11-26,-0.0114286958236228,-0.011653312621837627
2019-11-27,0.0170944333593001,0.009281656894741617
2019-11-29,0.0056338177182559,0.009010929229335373
2019-12-02,0.0277026025493357,0.02795132440339695
2019-12-03,-0.0619916760279678,-0.023971008553461726
2019-12-04,0.028655255760376,0.012149325307157744
2019-12-05,0.0168071183163812,-0.008356510706637933
2019-12-06,0.0219789067187752,0.01428175342383544
2019-12-09,-0.0054496047675647,-0.019575060134234396
2019-12-10,0.0108696722369039,-0.004419449207707952
2019-12-11,-0.0329700192375698,-0.007995563582926465
2019-12-12,0.059638266319731,0.032559514530087194
2019-12-13,-0.0430173850836906,-0.00544294557230718
2019-12-16,0.0377403279828469,0.012290824278296615
2019-12-17,0.0,0.011342763666053378
2019-12-18,0.0157483569681391,0.0082640501845231
2019-12-19,0.0,0.012129466775303454
2019-12-20,0.0,-0.0045310160019093205
2019-12-23,0.0051948168771039,0.004491302895751009
2019-12-27,-0.0262482260749363,-0.0002767218325816916
2019-12-30,0.0105821093305369,0.014379061335072694
2020-01-02,-0.0105821093305369,0.0008734943056643285
2020-01-03,-0.0434851119397386,-0.013727210220510665
2020-01-06,0.0055401803756153,3.0939027935598967e-05
2020-01-07,0.0109891215755951,0.01919478696410779
2020-01-08,0.0216224640131658,-0.0006430596161838624
2020-01-09,-0.0107527917762618,0.0014276055979275213
2020-01-10,-0.0108696722369039,-0.009802148776200276
2020-01-13,0.0108696722369039,0.0058371893924273706
2020-01-14,-0.0163491380015294,-0.0074179248528058435
2020-01-15,-0.0166208812360403,0.0006945244750702252
2020-01-16,0.0111112254250707,-0.006409749328626225
2020-01-17,0.0164387263431599,0.01621866598914266
2020-01-21,-0.0331522073169004,-0.02500004848983004
2020-01-22,-0.0056338177182559,-0.00353303969859435
2020-01-23,-0.0170944333593001,-0.014577966289904926
2020-01-24,-0.0232568621642672,-0.013946891571828731
2020-01-27,-0.0543940720657986,-0.03246802695108379
2020-01-28,0.0245411089161174,0.015791699175922828
2020-01-29,-0.0307716586667535,-0.0045094941926396345
2020-01-30,-0.0189280098855189,-0.01028855578361902
2020-01-31,-0.0389659685333837,-0.017747875379944655
2020-02-03,0.0196727655987048,0.009747280144111404
2020-02-04,0.0444517625708338,0.01712881485220835
2020-02-05,0.0305834233720801,0.009078425704556236
2020-02-06,-0.0060423144559627,0.0009250978811002869
2020-02-07,-0.0370412716803489,-0.019566462524372715
2020-02-10,-0.0190481949706944,-0.006044803761103935
2020-02-11,0.0190481949706944,-0.0013765127517265537
2020-02-12,0.0186921330121525,0.011510837069715198
2020-02-13,-0.006191970247921,-0.0006946204352877236
2020-02-14,-0.0125001627642314,0.0003808103314797508
2020-02-18,-0.0254790853009849,-0.015808582718152654
2020-02-19,0.0064308903302904,0.017174114191731742
2020-02-20,-0.0259754864032606,-0.007703766775215406
2020-02-21,-0.0402738991379399,-0.031598340556355686
2020-02-24,-0.0563529365511318,-0.04413709986167666
2020-02-25,-0.0369045569354507,-0.033461943651823915
2020-02-26,0.0,-0.01073560135720256
2020-02-27,-0.0228146777661714,-0.028028690828930215
2020-02-28,-0.1401466317432419,-0.033769736451322314
2020-03-02,-0.0269074529199241,0.042942444982690765
2020-03-03,-0.0755075525081452,-0.027022910182264537
2020-03-04,0.0,0.01399081784494761
2020-03-05,-0.1031842362352307,-0.019027085676246534
2020-03-06,-0.2177234838448706,-0.03878651051435321
2020-03-09,-0.3150810466398953,-0.041476038668560714
2020-03-10,0.3417492937220566,0.04046102002822621
2020-03-11,0.0759859069779219,-0.02113384282792073
2020-03-12,0.0706175672139534,-0.0359670473423159
2020-03-13,0.0659579677917973,0.012010574814631064
2020-03-16,-0.2528353411216127,-0.042255429093409264
2020-03-17,0.3345133721358799,-0.01293822390549397
2020-03-18,0.1457118111813936,-0.05744922198179649
2020-03-19,-0.05218575317057,0.0005764600154077194
2020-03-20,-0.1967102942460543,-0.046926057533383664
2020-03-23,-0.1910552367627093,-0.0153467857326813
2020-03-24,0.1000834585569825,-0.007044264939628903
2020-03-25,0.0465200156348929,0.021105655897672188
2020-03-26,-0.0584962066816086,-0.009198561459101053
2020-03-27,-0.1421744887805426,-0.027632912728857116
2020-03-30,-0.0281708769666963,-0.003067997192325816
2020-03-31,0.0,-0.016987064224774716
2020-04-01,-0.1213608570042673,-0.03355073662593663
2020-04-02,0.0160003413464411,0.026135171186794284
2020-04-03,-0.0160003413464411,0.010585468227106987
2020-04-06,0.0775582343458745,0.05772258607138344
2020-04-07,0.1127954941453443,-0.03648810801062128
2020-04-08,0.0263173083173733,-0.007482779892892821
2020-04-09,-0.0533459807052927,-0.0422738735732918
2020-04-14,0.0402738991379399,-0.007282394089395819
2020-04-15,-0.1875986138947983,-0.020270033479952383
2020-04-16,-0.0322608622182214,-0.01734263049368995
2020-04-17,0.0635134057223258,0.0034183228783011047
2020-04-20,-0.0312525435041044,-0.039137866130453
2020-04-21,-0.0826917158451134,-0.02812107354449974
2020-04-22,0.0826917158451134,0.05272888517795124
2020-04-23,-0.0322608622182214,-0.006878867672733077
2020-04-24,-0.0165293019512106,0.002526455690199805
2020-04-27,0.1103480571688654,0.019621189907095524
2020-04-28,-0.0775582343458745,0.003700241743932509
2020-04-29,0.0160003413464411,0.031166836903650595
2020-04-30,0.0157483569681392,0.021896869633121117
2020-05-01,0.0,0.01701575257407038
2020-05-04,0.0,0.0003117232500641235
2020-05-05,0.0307716586667536,0.021464492623070392
2020-05-06,0.0870113769896296,-0.0053590981558921695
2020-05-07,-0.1335313926245225,-0.047482710078955284
2020-05-11,0.1473247147568584,0.016627414109941792
2020-05-12,-0.0563529365511318,0.000570066680583303
2020-05-13,-0.0752234212375874,-0.05655083563096164
2020-05-14,-0.0157483569681392,0.051401638540781086
2020-05-15,0.0157483569681392,0.034563216727691186
2020-05-18,0.1315763577887192,0.04139098743788677
2020-05-19,-0.0419641990990322,0.0006662263170699955
2020-05-20,-0.0289875368732521,0.02620057847599139
2020-05-21,0.0,-0.0077938891048581075
2020-05-22,-0.0298529631496811,-0.0023834544465467745
2020-05-26,0.0444517625708337,0.02161494958064878
2020-05-27,-0.0145987994211525,-0.01996597947598629
2020-05-28,0.0289875368732521,0.02775633511850052
2020-05-29,-0.0741079721537217,-0.006378802557662666
2020-06-01,0.0152674721307884,0.009429189582810207
2020-06-02,0.0298529631496811,0.01760461813050143
2020-06-03,0.1242977166775771,0.035867825232862076
2020-06-04,0.0629138254105692,0.019166119200508765
2020-06-05,0.104140259252597,0.009180771415351365
2020-06-08,-0.0335226920386435,-0.00895707863913236
2020-06-09,-0.0465200156348929,-0.008640763077410525
2020-06-10,-0.1133286853070031,-0.0027023431599967765
2020-06-11,-0.1278333715098848,-0.04195300720233987
2020-06-12,0.0730251350148897,0.03680153267898891
2020-06-15,0.0,0.01999497075471146
2020-06-16,0.0548082364949951,-0.002599049112190963
2020-06-17,-0.0134230203321407,0.0061266231626704495
2020-06-18,-0.0413852161628544,0.0031760693256057946
2020-06-19,-0.0141846349919564,0.0006884194476825284
2020-06-22,0.0141846349919564,0.023595475761889678
2020-06-23,0.0139862419747399,-0.0012158836940341542
2020-06-24,-0.0425596144187959,-0.03120919447681133
2020-06-25,-0.0145987994211525,-0.005567708905279679
2020-06-26,-0.0606246218164348,-0.003408112667450589
2020-06-29,0.0,0.008105139088069924
2020-06-30,0.0307716586667536,0.013523291870307066
2020-07-01,0.0444517625708337,-0.01244825385387582
2020-07-02,-0.0145987994211525,-0.007296079682223131
2020-07-06,0.0145987994211525,-0.011080602692834
2020-07-07,-0.0597192347016221,-0.02342266442488923
2020-07-08,0.0303053494953289,0.005185490890664794
2020-07-09,-0.0775582343458745,-0.0062120847067860035
2020-07-10,0.0472528848505455,0.04921936809307982
2020-07-13,-0.0155041865359652,-0.026688011700409412
2020-07-14,-0.0157483569681392,0.006617574198148983
2020-07-15,0.0157483569681392,-0.0004826680680838561
2020-07-16,-0.0317486983145803,-0.0238026989740171
2020-07-17,0.0317486983145803,0.017609810705671136
2020-07-20,-0.0317486983145803,0.01538298766809023
2020-07-21,-0.0162605208717803,-0.009834271160190181
2020-07-22,-0.0165293019512106,0.0005804404727656439
2020-07-23,-0.0168071183163812,-0.020737500016890786
2020-07-24,0.0,0.003559407877439349
2020-07-27,0.0495969411393721,0.02934377098793459
2020-07-28,-0.0495969411393721,-0.019766164175955267
2020-07-29,-0.0170944333593001,-0.002843897646521815
2020-07-30,-0.0531098253139482,-0.02990398866470878
2020-07-31,0.0,0.010683614782878095
2020-08-03,0.0180185055026783,0.018490449309485773
2020-08-04,-0.0741079721537218,-0.008412762530000348
2020-08-05,0.0560894666510435,0.01625108667889887
2020-08-06,0.0,0.02289103640459115
2020-08-07,0.035718082602079,-0.0028729513241558336
2020-08-10,0.0344861760711693,0.013285303391755472
2020-08-11,0.0813456394539525,0.016331526274410663
2020-08-12,0.0752234212375874,0.020889937916911655
2020-08-13,0.028573372444056,0.02272867493632782
2020-08-14,0.0,-0.003971687845868098
2020-08-17,-0.028573372444056,0.0028515728444412653
2020-08-18,-0.0294138852062931,0.003697727228702053
2020-08-19,0.0148150857851406,0.021521079718416297
2020-08-20,-0.0451204352804696,0.005130558402795896
2020-08-21,-0.0155041865359652,0.00814086547866858
2020-08-24,0.0155041865359652,0.004427268383481548
2020-08-25,0.0597192347016221,0.03186612559805528
2020-08-26,0.0,0.014595273450122776
2020-08-27,0.0699585886069104,0.0239155438655115
2020-08-28,0.0,0.001062954060967781
2020-09-01,-0.084557388028063,-0.0061159524815923025
2020-09-02,-0.0298529631496811,0.02279963797675283
2020-09-03,-0.0465200156348928,-0.02442957885056675
2020-09-04,0.1335313926245225,0.02625803333944491
2020-09-08,-0.0425596144187959,-0.006171543727752014
2020-09-09,0.028573372444056,0.03014825742338422
2020-09-10,-0.0431721718652086,-0.01968208548867794
2020-09-11,-0.0148150857851406,-0.021733299565277635
2020-09-14,0.0148150857851406,0.010571595177148
2020-09-15,0.0,0.001229441689697577
2020-09-16,0.0145987994211525,0.016477471628199954
2020-09-17,0.0,0.017460074528920372
2020-09-18,0.0143887374520996,0.0021237840004126648
2020-09-21,-0.0289875368732521,-0.0008273538551043047
2020-09-22,0.0,0.01294043631033475
2020-09-23,0.0,-0.01455276539025022
2020-09-24,-0.0148150857851406,-0.0194301265327096
2020-09-25,-0.0150378773645405,0.0007191377728769442
2020-09-28,0.0150378773645405,-0.00626478304835069
2020-09-29,-0.0150378773645405,-0.009519492256854192
2020-09-30,0.0444517625708337,0.03976674223704526
2020-10-01,-0.0145987994211525,0.003405954881289419
2020-10-02,0.0289875368732521,0.0209501658749554
2020-10-05,0.1082135846402328,0.012085677461439515
2020-10-06,-0.0259754864032606,0.01270669402950135
2020-10-07,0.0637158143861077,0.013519554711755094
2020-10-08,-0.037740327982847,0.012559086598005025
2020-10-09,0.0127390257774297,0.014032828837193305
2020-10-13,-0.0653827592628517,0.0025862312489439263
2020-10-14,-0.0136056520557786,0.004223966854299795
2020-10-15,0.0136056520557786,0.004542390641849462
2020-10-16,0.0266682470821613,0.017286348912659375
2020-10-19,0.0259754864032606,0.01068225830355592
2020-10-20,0.037740327982847,0.022848016155810072
2020-10-21,0.024391453124159,0.019231958560827735
2020-10-22,0.0470675108579858,0.020430960156259136
2020-10-23,-0.0232568621642672,-0.012092032173934647
2020-10-26,-0.0482021018178775,-0.014847777965731767
2020-10-27,-0.0250013022054172,0.007340055061810949
2020-10-28,0.0,-0.006911051082247859
2020-10-29,0.0732034040232949,0.018917172034299254
2020-10-30,0.03468555798789,0.023089170482483413
2020-11-02,-0.0114286958236227,0.007987353195851792
2020-11-03,0.0339015516756813,0.006706226272939546
2020-11-04,-0.1431008436406733,-0.004802087962390254
2020-11-05,0.0127390257774297,-0.007600251723017757
2020-11-06,0.0493927553295763,0.021690005704458955
2020-11-09,0.1455075836712383,0.044958603413754385
2020-11-10,0.0206192872027357,0.020643968915612727
2020-11-12,-0.1076306641923654,0.002306347031528336
2020-11-13,0.0112995552539333,0.003198435839720509
2020-11-16,0.0222231367847102,0.009331551506814481
2020-11-17,-0.0449513878622663,-0.01297575636882342
2020-11-18,0.0114286958236227,-0.0025288832848450065
2020-11-19,-0.0229895182246987,0.0037610636413033744
2020-11-20,-0.0355066884569098,-0.021861059545911513
2020-11-23,0.0355066884569098,0.027182343035948933
2020-11-24,0.0229895182246987,0.040504999011667736
2020-11-25,0.0,0.018269971504520335
2020-11-30,-0.0465200156348929,-0.010834464590141812
2020-12-01,0.0909717782057267,0.012575379325355742
2020-12-02,0.0320883145515004,3.37226483074533e-06
2020-12-03,-0.0320883145515004,-0.002131116327007853
2020-12-04,0.0529224014543424,0.021890748536644272
2020-12-07,-0.0314161962333789,0.03744762370729096
2020-12-08,-0.0215062052209634,0.005698069104261125
2020-12-09,0.0320883145515004,0.007021101177172498
2020-12-10,-0.0320883145515004,-0.029270428372670205
2020-12-11,-0.0219789067187752,-0.012575913086554235
2020-12-14,0.0,0.03391647121290343
2020-12-15,0.0219789067187752,0.02074918765095097
2020-12-16,0.0,-0.0025628599827914444
2020-12-17,0.0215062052209634,0.029007038162158313
2020-12-18,0.0105821093305369,0.00188077279052324
2020-12-21,0.0,0.015699289438650964
2020-12-22,-0.0212773984472847,0.004059139882883217
2020-12-23,0.0317486983145802,0.007897587225267792
2020-12-29,-0.0210534091978323,0.0032071933388484264
2020-12-30,-0.0106952891167478,-0.0015144465376681737
2020-12-31,0.0,0.02098770393436517
2021-01-04,0.0,-0.022754217072005825
2021-01-05,0.0317486983145802,0.0006468314523566982
2021-01-06,0.0800427076735365,0.027416990948779408
2021-01-07,0.037740327982847,0.004015104724176834
2021-01-08,0.0452565915881207,0.02818797997887247
2021-01-11,0.0175443096509095,0.032494764493903094
2021-01-12,0.0,-0.0008027714189299188
2021-01-13,-0.0444517625708336,-0.00428721770333146
2021-01-14,0.0444517625708336,0.017148309775305248
2021-01-15,-0.0354019270509157,-0.001972717770942593
2021-01-19,-0.0090498355199179,0.0088600415273724
2021-01-21,0.0180185055026783,0.02310854111896154
2021-01-22,-0.0180185055026783,0.0034385629832068927
2021-01-25,-0.0465200156348928,-0.00462355339010484
2021-01-26,0.0,0.006526643379127762
2021-01-27,-0.0095694510161507,0.001789382215066263
2021-01-28,0.0284379353205335,0.006586319190215231
2021-01-29,0.0367013668504279,0.019693237101782196
2021-02-01,-0.0181823190831904,0.01544130158568528
2021-02-02,0.0271509890659508,0.014310724205501505
2021-02-03,0.0264332570681553,0.012756233139690052
2021-02-04,0.0,0.0065687493733049
2021-02-05,0.0341913647482793,-0.008966813491611781
2021-02-08,0.0,-0.0016839513090321412
2021-02-09,-0.0084388686458646,-0.01412505623506179
2021-02-10,-0.0257524961024147,-0.012909033818137362
2021-02-11,0.0086580627431145,0.003742615098708726
2021-02-12,0.0339015516756813,0.023724680507121735
2021-02-16,0.0800427076735364,0.014436035018600257
2021-02-17,-0.0077220460939103,0.015933715225800487
2021-02-18,0.0,0.012370259120097829
2021-02-19,0.0380273955892392,0.011537651769574372
2021-02-22,0.0221411258772135,0.025951721185369873
2021-02-23,0.0,0.0044300657936399085
2021-02-24,0.0072727593290796,0.005037251429606827
2021-02-25,0.1096989172564246,0.003432008190158709
2021-02-26,-0.0671393028376285,0.007442862365282067
2021-03-01,0.0069204428445737,-0.005701747133615048
2021-03-02,-0.0209066848193136,0.013207939086262322
2021-03-03,0.0346055291774755,0.009756869091431872
2021-03-04,0.0465200156348929,0.014686225975212948
2021-03-05,0.0129034048359079,0.01784737804343108
2021-03-08,0.0190481949706944,0.011130131176885154
2021-03-09,-0.0254790853009849,-0.0052942954087157055
2021-03-10,-0.0129871955268112,0.0023225888694601033
2021-03-11,0.0065146810211937,0.014731769999628809
2021-03-12,0.0629138254105691,0.0035611266506816617
2021-03-15,-0.0122700925918142,0.003698722481256815
2021-03-16,0.0,0.00015972141327783888
2021-03-17,0.0061538655743781,0.0059135523119814275
2021-03-18,0.0479133556958975,-0.0011949226384195177
2021-03-19,0.0173917427118691,0.003555960853377667
2021-03-22,-0.0291565842914555,-0.0016663796568705377
2021-03-23,-0.0361485141163112,0.008433553201618
2021-03-24,-0.0061538655743781,0.02160042375079407
2021-03-25,0.0061538655743781,-0.011808807805863483
2021-03-26,0.0242436116099928,0.027465925376251196
2021-03-29,0.0352977820810238,0.017308326611028265
2021-03-30,0.0,0.02155068011498623
2021-03-31,0.00576370471675,0.00031152757770146005
2021-04-01,-0.0291565842914555,-0.006144918737546123
2021-04-06,-0.0119049025063183,-0.0012295798380718773
2021-04-07,0.0059701669865037,-0.002264178831377351
2021-04-08,-0.0240975515790605,0.0017749761885187576
2021-04-09,0.0181273845925567,0.018151252222866624
2021-04-12,0.0119049025063183,0.005760888374159565
2021-04-13,-0.0300322870988751,-0.01632495140229172
2021-04-14,0.0,0.003956504569307398
2021-04-15,-0.0500104205746612,-0.007151209040888005
2021-04-16,0.0190481949706944,0.010760645301718622
2021-04-19,0.0125001627642314,-0.009074924878826881
2021-04-20,-0.0188093319574962,-0.025039563541581312
2021-04-21,-0.0063492276786587,0.012043124006133858
2021-04-22,0.0,0.0030090645551681962
2021-04-23,0.0063492276786587,0.008999977182792473
2021-04-26,0.0,0.0007032085456768924
2021-04-27,0.0311551677797954,0.004328003571919556
2021-04-28,0.0,-0.008236247477659761
2021-04-29,0.0121952730938182,0.00581256479146891
2021-04-30,0.0,-0.008828661681452774
2021-05-04,-0.0245411089161174,0.0006293142250212507
2021-05-05,-0.0125001627642314,0.00018467436755187293
2021-05-06,-0.0063091691932647,-0.0012970577464940338
2021-05-07,0.0125787822068601,0.020522140252928884
2021-05-10,0.0185763855729352,-0.0031172708693803213
2021-05-11,0.006116227017436,-0.004440726701746188
2021-05-12,0.0300322870988751,0.013067078376094124
2021-05-13,-0.0179109265665302,0.003400131771898124
2021-05-14,-0.0182375875497809,0.01578676029717433
2021-05-17,0.006116227017436,-0.0018542022772173336
2021-05-18,0.0,-0.006175098296456083
2021-05-19,0.0240975515790605,0.007989331909895902
2021-05-20,-0.0302137785964966,-0.002068858810777183
2021-05-21,0.0,0.006190089269525521
2021-05-24,-0.0123458358222992,0.005460646944482751
2021-05-25,-0.0315483577349259,-0.007107969891227834
2021-05-26,0.0127390257774297,-0.0015745365993987753
2021-05-27,0.0188093319574962,0.006279658552621057
2021-05-28,-0.0188093319574962,-0.010087885782353125
2021-06-01,0.0250013022054172,0.0042571605720698805
2021-06-02,-0.0186921330121525,0.002789614227487051
2021-06-03,0.0248459985865306,0.015817647494011676
2021-06-04,-0.0438941935572251,-0.0007267693642046596
2021-06-07,0.0063897980987709,0.001351147785732565
2021-06-08,-0.0258078839558726,-0.011586621142417557
2021-06-09,-0.0198026272961797,-0.011918613629425897
2021-06-10,-0.0339015516756813,-1.4763713890332844e-05
2021-06-11,0.0136988443581618,0.008630232063393157
2021-06-14,0.026847250036188,0.008390416956012225
2021-06-15,0.0,-0.003153522591237784
2021-06-16,0.0389659685333837,0.002770472516881118
2021-06-17,-0.0323652845020316,-0.027287232730707538
2021-06-18,-0.047146778425702,-0.016991663043996887
2021-06-21,0.0339015516756813,0.023184922794592538
2021-06-22,-0.0134230203321407,0.0025192091354414563
2021-06-23,0.0134230203321407,0.00465237840279233
2021-06-24,-0.0066889881507966,-0.0016229998353078949
2021-06-25,0.03300629646817,0.004548243832496475
2021-06-28,-0.03300629646817,-0.007626607305184673
2021-06-29,0.0,-0.007334205989284134
2021-06-30,-0.0272125635248847,-0.0037329670813486607
2021-07-01,0.0204785313435406,0.0046266657393799395
2021-07-02,-0.0273989741881144,0.010441938462520332
2021-07-06,-0.0498323737478756,-0.013817692169525166
2021-07-07,-0.0296317976063711,0.01285977317262804
2021-07-08,-0.0228146777661714,-0.010262940808797824
2021-07-09,0.0524464753725425,0.03153601469326701
2021-07-12,0.0072727593290796,0.002529874270403002
2021-07-13,0.0285733724440561,-0.0036438491930680093
2021-07-14,-0.0358461317731357,-0.023846377646297635
2021-07-15,-0.0447836026269733,-0.028267049814523354
2021-07-16,0.0,-0.02044908831289692
2021-07-19,-0.0960738300896222,-0.05093553862720638
2021-07-20,0.0330608622608881,0.005903747215705502
2021-07-21,0.0553500950831649,0.04682535184530644
2021-07-22,-0.0233473639969911,-0.006485759668975042
2021-07-23,0.0233473639969911,0.018445833159981086
2021-07-26,-0.0077220460939103,-0.002917100375212558
2021-07-27,-0.0314986670593709,-0.02151942889420926
2021-07-28,0.0079681696491768,-0.00044421483496939296
2021-07-29,0.0157483569681391,0.027950321913645278
2021-07-30,-0.0317486983145803,-0.019778062503982657
2021-08-02,-0.0327898228229908,-0.00822243881678191
2021-08-03,-0.0083682496705166,0.016665153974246973
2021-08-04,0.0,-0.006728920723420011
2021-08-05,0.0330608622608881,0.02167676452981754
2021-08-06,0.063012967828734,0.0038690687471983785
2021-08-09,0.0151518050206022,-0.0009141336313273872
2021-08-10,0.0223057575142982,-8.920000821901934e-05
2021-08-11,-0.0073801072976225,0.011303374135501542
2021-08-12,0.0073801072976225,0.014435724222158627
2021-08-13,-0.0528424813743799,-0.02279616040526037
2021-08-16,-0.0235304974101941,0.014163330603062105
2021-08-17,0.0,-0.013503136921892804
2021-08-18,0.0079051795071132,-0.031242816944437094
2021-08-19,-0.0239055208535544,-0.006420128524854695
2021-08-20,0.0160003413464411,-0.0011361786599613588
2021-08-23,-0.0079681696491768,0.006838668835220337
2021-08-24,0.0314986670593709,0.014694139435654376
2021-08-25,0.0454623740767574,0.01746077654395128
2021-08-26,-0.0074349784875181,-0.016117379328137768
2021-08-27,-0.0226424767497598,0.005878670802497538
2021-08-31,-0.0076628727455691,0.012475039807880804
2021-09-01,0.0076628727455691,0.005622874754616089
2021-09-02,-0.0153849188394794,0.0015008044303924857
2021-09-03,0.0305367238600817,-0.004170351959813439
2021-09-07,0.0369045569354507,-0.01404473399390416
2021-09-08,-0.021978906718775,-0.013322153283176347
2021-09-09,-0.0377403279828471,-0.028228784746784686
2021-09-10,0.0377403279828471,0.004721405624648064
2021-09-13,-0.0149256502166756,-0.006929077331394818
2021-09-14,-0.0383188643021366,0.0020389302289254337
2021-09-15,0.0231670592815343,0.022179548830990395
2021-09-16,0.0226424767497598,0.012393059046191113
2021-09-17,0.0221411258772135,-0.0012629340134861235
2021-09-20,-0.0447836026269733,-0.024669555199395263
2021-09-21,0.0151518050206022,0.007582606798633553
2021-09-22,-0.0075472056353829,0.005870316497241797
2021-09-23,0.0659579677917973,0.01412737835540081
2021-09-24,0.041672696400568,0.0045833984648293155
2021-09-27,0.0067796869853787,0.0047412138635584715
2021-09-28,0.0397403286495141,0.023085811374453105
2021-09-29,0.0064725145056174,0.01793758016689294
2021-09-30,-0.0195445960729702,-0.0020512284381177066
2021-10-01,-0.0266682470821613,-0.0008131209592388436
2021-10-04,0.0067340321813441,0.003932472802689547
2021-10-05,0.03300629646817,0.00785436850586859
2021-10-06,-0.0065146810211937,0.0038915883749361746
2021-10-07,0.0321571116345313,0.024344307676780613
2021-10-08,0.0188093319574962,0.008913404988396632
2021-10-12,-0.0125001627642314,0.009311172969069314
2021-10-13,-0.0190481949706944,0.010918479289599239
2021-10-14,-0.0259754864032606,0.005905073349853345
2021-10-15,0.0450236813739551,0.013441054256967958
2021-10-18,0.0,0.001880447679877129
2021-10-19,0.0370412716803489,0.014470113883691274
2021-10-20,0.0,0.005456242410251873
2021-10-21,0.0180185055026783,0.007362013834253555
2021-10-22,-0.0119761910467156,-0.0024066275938412324
2021-10-25,-0.0121213605323448,-0.007225657578240481
2021-10-26,-0.006116227017436,-0.001064406540589019
2021-10-27,-0.056797598393133,-0.02234194163511622
2021-10-28,0.0192932029346789,0.010492199196176525
2021-10-29,-0.0128206884290614,0.006891453099500143
2021-11-01,0.0191699161077201,0.014344801620952627
2021-11-02,-0.0127390257774297,-0.0006444319414694034
2021-11-03,0.0253178079842898,-0.001131296533095212
2021-11-04,-0.0447358938413915,-0.010520364950878958
2021-11-05,-0.053704178971861,-0.020333241055202084
2021-11-08,0.0405460943943499,0.013541750785832732
2021-11-09,-0.0336732151065879,-0.010014723632413474
2021-11-10,0.0662493855412006,0.010312896900554822
2021-11-12,0.0127390257774297,0.019021904984735938
2021-11-15,0.0311551677797954,-0.0037276215258149298
2021-11-16,0.0,0.007702304211767433
2021-11-17,-0.0185763855729352,-0.02640059446375177
2021-11-18,-0.0062696130135954,0.0041284291172179926
2021-11-19,-0.0319515998066023,-0.0253135062265496
2021-11-22,0.056797598393133,0.0189757310377721
2021-11-23,0.0242436116099928,0.016948390879867735
2021-11-24,-0.0181273845925567,-0.0023501345945028513
2021-11-29,-0.0759859069779219,-0.010152037527976809
2021-11-30,-0.0610358905863691,-0.033419389241118855
2021-12-01,0.0,0.0005653523011140032
2021-12-02,0.0069686693160933,0.012833049010672172
2021-12-03,-0.064538521137571,-0.016891383184578244
2021-12-06,0.0575698518214777,0.02756615120742413
2021-12-07,0.0343676435042077,0.05256304319681514
2021-12-08,0.0266682470821613,0.03011113061959954
2021-12-09,-0.0199342149008172,-0.019663784275695324
2021-12-10,-0.0067340321813441,0.017504899051402338
2021-12-13,-0.0413852161628543,-0.04223613744802849
2021-12-14,0.0139862419747399,-0.017239633766280273
2021-12-15,0.0206192872027356,0.01322908143800414
2021-12-16,-0.0206192872027356,-0.006534995515913869
2021-12-17,-0.0210534091978323,-0.010744802338654814
2021-12-20,0.014084739881739,-0.008256315498990264
2021-12-21,0.0343676435042077,0.05038952709618687
2021-12-22,-0.0136056520557786,-0.011486968007845558
2021-12-23,0.0270286723879193,0.005926401435483842
2021-12-29,0.0327898228229909,0.03498107781524235
2021-12-30,-0.0195445960729702,0.015387206344878251
2022-01-04,0.0881072675102668,0.03044898048957922
2022-01-05,0.0296757681461166,0.016746073988360036
2022-01-06,0.0116280379951191,0.00997152186894031
2022-01-07,0.0171924005403728,0.013290074150567304
2022-01-10,0.0112995552539333,0.0005171035784737475
2022-01-11,-0.0169975763685711,-0.007072414004414111
2022-01-12,-0.005730674708985,-0.005193387531578521
2022-01-13,-0.0232568621642672,-7.682352670961807e-05
2022-01-14,0.0459851132418234,0.024911551891516184
2022-01-18,0.0493250665625015,0.02655128004465892
2022-01-19,-0.0216224640131658,0.0017076820140294372
2022-01-20,0.0,0.005924740306498746
2022-01-21,-0.0447001789179068,-0.005069474101690986
