date,real,pred_catboost
2018-11-14,-0.0063897980987708,-0.00414985391623784
2018-11-15,-0.0032102756302483,0.004355886391210244
2018-11-16,-0.0096931292056596,0.0012025787927558303
2018-11-19,-0.0065146810211937,-0.012545215053710599
2018-11-20,0.0,-0.01399660413561674
2018-11-21,0.0,0.004348848065161054
2018-11-26,0.0032626456348163,0.007392839140618569
2018-11-27,-0.0032626456348163,0.0034114629475001206
2018-11-28,0.0,0.00849125490982115
2018-11-29,-0.0098522964430116,-0.001102569942128503
2018-11-30,-0.0066225407604934,-0.0020634582283999186
2018-12-03,-0.0100167782434712,0.0025262198086072277
2018-12-04,-0.0237702193339117,-0.017297586200079425
2018-12-06,-0.0138410514118714,-0.009223024541666791
2018-12-07,-0.0069930354909706,-0.016058442758073586
2018-12-10,0.0,-0.0028270608189988338
2018-12-11,0.0139375078437815,0.0014519491075254132
2018-12-12,0.0068965790590604,0.0018677753726727597
2018-12-13,0.0,0.0023088449877286753
2018-12-14,-0.0068965790590604,-0.014256636173671686
2018-12-17,-0.0104348772925795,-0.017585901928121907
2018-12-18,-0.0140847398817389,-0.006199288935706629
2018-12-19,-0.017889564750775,-0.015286034719448201
2018-12-20,0.007194275634027,-0.016224410137498865
2018-12-21,0.0,-0.01581762970504112
2018-12-27,-0.007194275634027,0.004805062694503645
2018-12-28,-0.0182154398913412,-0.0021401221267550014
2019-01-02,-0.0223057575142981,0.007589486910149184
2019-01-03,-0.0383188643021366,-0.024226071453167457
2019-01-04,0.042071213920687,0.01876194348060684
2019-01-07,0.0111733005981252,0.0090426173269031
2019-01-08,0.0110498361865849,0.008836098089046148
2019-01-09,0.0036563112031104,0.006669760200888094
2019-01-10,0.0,0.005070545546583939
2019-01-11,-0.0110092855083693,-0.007168253049998989
2019-01-15,0.0036832454162963,0.0024880143231981403
2019-01-16,0.0036697288889624,-0.0012287986021561337
2019-01-17,0.0072993024816114,0.002571559595357501
2019-01-18,0.0144406841547943,0.009097868338572459
2019-01-22,-0.0180836754332953,-0.013238014039744343
2019-01-23,0.0072727593290795,0.0014722968737761702
2019-01-24,-0.0145987994211524,0.0004358012640157541
2019-01-25,0.0145987994211524,0.008994104971385974
2019-01-28,-0.0036297680505785,-0.007365879705365586
2019-01-29,-0.0109690313705739,-0.0022191714044333456
2019-01-30,-0.0073801072976225,0.009135256961433344
2019-01-31,-0.0262679268206103,0.002451444419826579
2019-02-01,0.0262679268206103,0.006611896225365617
2019-02-04,0.0110498361865849,0.009596395024159406
2019-02-05,-0.0073529743052588,-0.004675569418067557
2019-02-06,-0.0036968618813261,-0.00436859037885344
2019-02-07,-0.0186921330121526,-0.014173970683323258
2019-02-08,-0.0075757938084576,-0.004789395588812477
2019-02-11,0.0075757938084576,-0.0021495676447339787
2019-02-12,0.0112571545246346,0.011545481918010973
2019-02-13,0.0111318403688441,0.005958783850868688
2019-02-14,-0.0186225120980018,-0.004533002668715284
2019-02-15,0.0,0.004290687020266824
2019-02-19,-0.0037664827954769,-0.005648981486461526
2019-02-21,0.0149815536156169,0.001909445346892537
2019-02-22,-0.0149815536156169,-0.0007034733880716254
2019-02-25,0.0075188324140273,-0.00042576527685165313
2019-02-26,-0.0112995552539333,-0.005563351340939935
2019-02-27,0.0187622764555228,0.0018629912327673237
2019-02-28,0.0147604155831206,0.003573535211237202
2019-03-01,0.01092907053219,0.0056777640472124415
2019-03-04,-0.0145987994211524,-0.00048769171997901397
2019-03-05,0.0,-0.002501026644110098
2019-03-06,-0.0110906866941582,-0.008103259992367402
2019-03-07,-0.0187622764555228,-0.007008744750451399
2019-03-08,-0.0076045993852192,-0.005771301880432842
2019-03-11,0.0076045993852192,0.011444712560263004
2019-03-12,-0.0114286958236228,0.0036847704355932142
2019-03-13,0.0,0.0034400247773809377
2019-03-14,0.0076336248550711,0.0002541551585308529
2019-03-15,-0.0153259704782268,-0.004234995417676381
2019-03-18,0.00385356931599,0.0048062063629273075
2019-03-19,0.0038387763071656,0.0021132651965628463
2019-03-20,-0.0271861403041567,-0.007791408939817955
2019-03-21,0.0,0.0030265558870059047
2019-03-22,-0.0401660417253347,-0.019459859129572505
2019-03-25,-0.0041067819526533,-0.0032329197047404183
2019-03-26,-0.0082645098498934,0.0068371639488219215
2019-03-27,-0.0083333815591443,-0.009430074753367068
2019-03-28,0.0,0.004674732746649038
2019-03-29,0.0083333815591443,0.006803962766298686
2019-04-01,0.0326559629740527,0.009922715043359717
2019-04-02,-0.0040241502997255,-0.0002168245647740247
2019-04-03,0.0160003413464411,0.002582184007734948
2019-04-04,-0.0039761483796394,0.0020197576273977688
2019-04-05,-0.0039920212695373,0.00298111531551134
2019-04-08,0.0079681696491767,-0.0014175197475322246
2019-04-09,-0.0039761483796394,-0.004973141169580142
2019-04-10,-0.0120241929668016,-0.0005643679485625823
2019-04-11,0.0120241929668016,-0.0028420628366604373
2019-04-12,0.0197245053477786,0.009582201737261894
2019-04-15,-0.0039138993211363,0.00042484065664397574
2019-04-16,0.0194180858571015,0.0031805051480449866
2019-04-17,-0.00385356931599,0.002866499226361585
2019-04-18,-0.0077519768043179,0.00016618955418444407
2019-04-23,0.0,0.007696578254118874
2019-04-24,-0.0156865961676996,-0.0015271489955083978
2019-04-25,0.0039447782910164,-0.0006363023910303856
2019-04-26,-0.0118813278867527,0.0004887451245113408
2019-04-29,0.0118813278867527,0.002161676144757298
2019-04-30,-0.0118813278867527,-0.0014897892258558902
2019-05-01,0.0039761483796394,-0.008807062287378419
2019-05-02,0.0118344576470028,-0.001700762987051586
2019-05-03,-0.0039292781398895,0.0011136756825425146
2019-05-07,-0.0360760564738095,-0.01739129893819046
2019-05-08,0.0161946859199806,0.0042510135210334895
2019-05-09,-0.0161946859199806,-0.004037662914169973
2019-05-10,0.0081301260832501,0.004710277410963732
2019-05-13,-0.028749413285986,-0.01945660927406747
2019-05-14,0.0082988028146951,0.004812917938449498
2019-05-15,-0.0208775850215552,8.720556113507458e-05
2019-05-16,0.01257878220686,0.0037294773341048715
2019-05-17,-0.0041753714104805,-0.007519851474735802
2019-05-20,0.0083333815591443,-0.005981302578909353
2019-05-21,0.0082645098498934,0.005399590591030552
2019-05-22,-0.0165978914090377,-0.006945692006609158
2019-05-23,-0.0340458414097171,-0.017173659083725958
2019-05-24,0.0043196611445163,0.00021670465753093228
2019-05-28,-0.0262023723940241,-0.010409386541795731
2019-05-29,-0.0044345970678656,-0.010234080908781893
2019-05-30,-0.0134230203321406,-0.004237980558617291
2019-05-31,-0.036701366850428,-0.02139419497525088
2019-06-03,-0.0332572217564824,-0.011286396660034094
2019-06-04,0.0238674814066435,0.013315245388793298
2019-06-05,0.0,0.002262159988956808
2019-06-06,0.0,0.005823380118047048
2019-06-07,-0.0142520227072016,0.007399069405795109
2019-06-10,0.0283037761628518,0.0006176709713833496
2019-06-11,0.0,-0.0024655474988347897
2019-06-12,-0.0093458624182377,-0.00949140958944355
2019-06-13,-0.0141846349919563,0.00743952670617712
2019-06-14,-0.0047732787526577,-0.003041902446452242
2019-06-17,0.0,-0.004871546598608654
2019-06-18,-0.0144580831752297,0.007572546357618612
2019-06-19,-0.0146701897477938,0.0006778872813157273
2019-06-20,-0.0099010709827116,0.013127397318890342
2019-06-21,0.0294138852062934,0.0006138824550330373
2019-06-24,-0.0244510958641642,-0.003312139034300133
2019-06-25,-0.009950330853168,-0.011024119274263324
2019-06-26,0.0246926125903714,0.003519011346964654
2019-06-27,-0.0197050710793325,0.0035174575087322784
2019-06-28,-0.0049875415110389,0.000695197910751579
2019-07-01,0.0148886124937506,0.01517116444263828
2019-07-02,-0.024938948347252,-0.006847597810521354
2019-07-03,-0.010152371464018,0.0018097281777260817
2019-07-08,0.0448953199078909,-0.002363115960814344
2019-07-09,0.0097088141269608,0.005221938947397475
2019-07-10,0.0,0.0011561578911415777
2019-07-11,0.028573372444056,0.0038801561819652762
2019-07-12,-0.0047058910374124,0.005816173582969919
2019-07-15,-0.0142520227072016,-0.005528301655840539
2019-07-16,0.018957913744614,-0.001670628399070631
2019-07-17,-0.0334159969198438,-0.012118443545365247
2019-07-18,-0.0097561749453647,-0.0002459202090879033
2019-07-19,0.0048899852941917,-0.0018570883635960606
2019-07-22,0.0,0.0038536886212366967
2019-07-23,0.0145281005629098,0.002259309389386192
2019-07-24,-0.0145281005629098,0.00011722891537906111
2019-07-25,0.0145281005629098,-0.0023426356187976477
2019-07-26,0.0,0.0010983946267022096
2019-07-29,-0.0096619109117368,-0.0010077945949589408
2019-07-30,0.0,-0.001776146119514461
2019-07-31,-0.0196084713883764,-0.011047026101671882
2019-08-01,-0.0612436252407186,-0.020125803325412223
2019-08-02,-0.0212773984472847,-0.005535232949903565
2019-08-05,-0.0609606997896873,-0.03505311272488088
2019-08-06,-0.011494379425735,0.004432875788699667
2019-08-07,-0.0116280379951191,-0.009403310057622297
2019-08-08,0.0058309203107932,0.011405228688115273
2019-08-09,0.0115608224010759,-0.01079780679267159
2019-08-12,-0.0531098253139484,-0.022064404160992326
2019-08-13,0.0180185055026783,0.009694871133631724
2019-08-14,-0.0550597771830272,-0.03895938436551315
2019-08-15,-0.0450236813739551,-0.008343369930778555
2019-08-16,0.0195445960729702,0.00883339318421806
2019-08-19,0.0317486983145803,0.010026917407481468
2019-08-20,-0.0317486983145803,-0.018735720089106643
2019-08-21,0.0254790853009849,-0.003929181211794493
2019-08-22,0.0186921330121525,-0.007004832756352784
2019-08-23,-0.0637158143861077,-0.03886935593971685
2019-08-27,-0.0199342149008172,0.0033312888108624006
2019-08-28,-0.0135137191667228,0.00564529553251074
2019-08-29,0.0202027073175194,0.009072384274208253
2019-08-30,0.0,-0.015587023283674197
2019-09-03,-0.0202027073175194,-0.024594261322776985
2019-09-04,0.0,0.015562952506198675
2019-09-05,0.0658132185695718,0.01634409484330129
2019-09-06,-0.0128206884290614,-0.0023669449350235405
2019-09-09,0.0503250838875156,0.006461784742929508
2019-09-10,0.0537442760066907,0.007380027686144689
2019-09-11,0.0172914971100609,0.012772038456492872
2019-09-12,0.022599831917241,0.0018582482513491145
2019-09-13,0.059638266319731,0.017737105492558518
2019-09-16,-0.0320883145515004,0.006961055869656915
2019-09-17,-0.0164387263431599,6.682336480238105e-05
2019-09-18,-0.0055401803756153,-0.004926607396357641
2019-09-19,-0.0055710450494553,0.0035627902048491226
2019-09-20,-0.028330506626226,-0.008866803429108422
2019-09-23,-0.0115608224010759,-0.0012404052571445261
2019-09-24,-0.0476280489892547,-0.0057796915823355565
2019-09-25,0.0534251666735806,0.019318857675825484
2019-09-26,-0.0174931574475172,0.001207697937935125
2019-09-27,-0.0058997221271882,-0.004522612709245272
2019-09-30,-0.0059347355198146,-0.0004968517245012149
2019-10-01,-0.0180185055026783,-0.003798711665801466
2019-10-02,-0.0307716586667535,-0.015522900996609811
2019-10-03,-0.0382212128201978,-0.007238501505880069
2019-10-04,-0.0130720815673527,0.012710031376879658
2019-10-07,0.0259754864032606,-0.01038300197840113
2019-10-08,-0.0129034048359079,-0.02266206169541129
2019-10-09,0.0319515998066023,0.005557974339967834
2019-10-10,0.0490896101965235,0.011333904315556287
2019-10-11,0.0524901826213967,0.010008740067687996
2019-10-15,0.0056657375356773,0.002194650223652548
2019-10-16,-0.0113637586503151,-0.000274352637323872
2019-10-17,0.0056980211146377,0.005382136745170723
2019-10-18,0.0,-0.001262157786345352
2019-10-21,0.0224728558520586,0.008428071052956737
2019-10-22,-0.0111733005981252,0.0014553871996329645
2019-10-23,-0.0056338177182559,0.010984413001001952
2019-10-24,0.0,-0.0028100847874202896
2019-10-25,0.0168071183163812,0.006966695414329991
2019-10-28,0.0273989741881144,0.007760143796842412
2019-10-29,-0.0054200674693392,0.0033434565606740604
2019-10-30,-0.0331522073169004,0.0009247403033184681
2019-10-31,-0.0518848353690116,-0.004925060460488625
2019-11-01,0.0233928795747054,0.018511596325080072
2019-11-04,0.034094211342976,0.014504669059215443
2019-11-05,0.0383608678724463,0.006734365988116612
2019-11-06,-0.0272496424473756,0.002307419598339693
2019-11-07,0.0589983407619557,0.006156283527588911
2019-11-08,0.0103627870355466,0.004991980562522327
2019-11-12,-0.0103627870355466,-0.00724872411202057
2019-11-13,-0.0210534091978323,-0.0034659623746871615
2019-11-14,-0.0324352757531537,-0.0006649317549388766
2019-11-15,0.0109290705321902,0.00815312428827972
2019-11-18,-0.0164387263431599,-0.0015741798121088981
2019-11-19,-0.0111112254250707,-0.004925648736316596
2019-11-20,-0.034094211342976,-0.005684966341018111
2019-11-21,0.0228581380760501,0.0059033712039101354
2019-11-22,0.0,0.0018612729044805865
2019-11-25,-0.0056657375356773,0.004000867922506882
2019-11-26,-0.0114286958236228,-0.00340159852712859
2019-11-27,0.0170944333593001,0.004983882033075208
2019-11-29,0.0056338177182559,0.0029459919884927063
2019-12-02,0.0277026025493357,0.011281328811188904
2019-12-03,-0.0619916760279678,-0.011079855997492928
2019-12-04,0.028655255760376,0.009744712337604124
2019-12-05,0.0168071183163812,-0.0031313623924340544
2019-12-06,0.0219789067187752,0.010994791134668742
2019-12-09,-0.0054496047675647,-0.01372479755323062
2019-12-10,0.0108696722369039,-0.0026132005396365676
2019-12-11,-0.0329700192375698,-0.0034633126328955707
2019-12-12,0.059638266319731,0.016722848301026466
2019-12-13,-0.0430173850836906,0.0023788986004757403
2019-12-16,0.0377403279828469,0.01034813381212019
2019-12-17,0.0,0.0047945229276642335
2019-12-18,0.0157483569681391,0.005138402717440757
2019-12-19,0.0,0.010422880391919298
2019-12-20,0.0,0.003971775184118323
2019-12-23,0.0051948168771039,0.005016636600020684
2019-12-27,-0.0262482260749363,0.0013718542418801217
2019-12-30,0.0105821093305369,0.004834172105274152
2020-01-02,-0.0105821093305369,0.003615173844774909
2020-01-03,-0.0434851119397386,-0.006918398857394114
2020-01-06,0.0055401803756153,0.0029535315557758495
2020-01-07,0.0109891215755951,0.008802233161017126
2020-01-08,0.0216224640131658,0.0012413520521093434
2020-01-09,-0.0107527917762618,0.002498504688510101
2020-01-10,-0.0108696722369039,-0.0069500044230732085
2020-01-13,0.0108696722369039,0.0041026242388247135
2020-01-14,-0.0163491380015294,-0.0030530120381404534
2020-01-15,-0.0166208812360403,2.645649316127929e-05
2020-01-16,0.0111112254250707,-0.005790763835232098
2020-01-17,0.0164387263431599,0.010457024944058318
2020-01-21,-0.0331522073169004,-0.014431030892456516
2020-01-22,-0.0056338177182559,-0.004636030700376579
2020-01-23,-0.0170944333593001,-0.005369044808991226
2020-01-24,-0.0232568621642672,-0.014569845782099014
2020-01-27,-0.0543940720657986,-0.024653162754227225
2020-01-28,0.0245411089161174,0.011343913097386062
2020-01-29,-0.0307716586667535,-0.0010046781248820632
2020-01-30,-0.0189280098855189,-0.004293289088077749
2020-01-31,-0.0389659685333837,-0.026171168201518387
2020-02-03,0.0196727655987048,0.004818250137480793
2020-02-04,0.0444517625708338,0.011040891012337559
2020-02-05,0.0305834233720801,0.011680374281227458
2020-02-06,-0.0060423144559627,0.002866181891748551
2020-02-07,-0.0370412716803489,-0.014360338966142213
2020-02-10,-0.0190481949706944,0.00111345928606787
2020-02-11,0.0190481949706944,-0.002585685137836585
2020-02-12,0.0186921330121525,0.008720982848477611
2020-02-13,-0.006191970247921,-0.003006082182864671
2020-02-14,-0.0125001627642314,0.0011922201411970945
2020-02-18,-0.0254790853009849,-0.006912912029691395
2020-02-19,0.0064308903302904,0.007219436860735318
2020-02-20,-0.0259754864032606,-0.009795090939839423
2020-02-21,-0.0402738991379399,-0.017891583118908354
2020-02-24,-0.0563529365511318,-0.04273776819466611
2020-02-25,-0.0369045569354507,-0.03564515401927972
2020-02-26,0.0,-0.018267360248965362
2020-02-27,-0.0228146777661714,-0.034338451527477235
2020-02-28,-0.1401466317432419,-0.022988842440573757
2020-03-02,-0.0269074529199241,0.023649546576535105
2020-03-03,-0.0755075525081452,-0.02097488978739572
2020-03-04,0.0,0.011058066706786931
2020-03-05,-0.1031842362352307,-0.0322516832438125
2020-03-06,-0.2177234838448706,-0.032291933286673936
2020-03-09,-0.3150810466398953,-0.040126605523403094
2020-03-10,0.3417492937220566,0.023252526717433098
2020-03-11,0.0759859069779219,-0.03489267984309643
2020-03-12,0.0706175672139534,-0.03899340473954048
2020-03-13,0.0659579677917973,0.010472202145601914
2020-03-16,-0.2528353411216127,-0.038524062877947414
2020-03-17,0.3345133721358799,-0.010353550905832832
2020-03-18,0.1457118111813936,-0.043275927985903
2020-03-19,-0.05218575317057,0.0042709737704527346
2020-03-20,-0.1967102942460543,-0.04194476473738465
2020-03-23,-0.1910552367627093,-0.0165192691784754
2020-03-24,0.1000834585569825,0.0007942167620403819
2020-03-25,0.0465200156348929,0.008441683418465608
2020-03-26,-0.0584962066816086,-0.0022673051458356594
2020-03-27,-0.1421744887805426,-0.037679548497566565
2020-03-30,-0.0281708769666963,0.0017381749849229586
2020-03-31,0.0,-0.015116314952691194
2020-04-01,-0.1213608570042673,-0.030788807861127688
2020-04-02,0.0160003413464411,0.021762749641910377
2020-04-03,-0.0160003413464411,-0.008666732979971664
2020-04-06,0.0775582343458745,0.040500384907608704
2020-04-07,0.1127954941453443,-0.024827403397070225
2020-04-08,0.0263173083173733,-0.0011024797064225224
2020-04-09,-0.0533459807052927,-0.016352655637255464
2020-04-14,0.0402738991379399,-0.004110931520182109
2020-04-15,-0.1875986138947983,-0.022866240993268908
2020-04-16,-0.0322608622182214,-0.0017176075533759704
2020-04-17,0.0635134057223258,0.004088801117973946
2020-04-20,-0.0312525435041044,-0.02786271965996609
2020-04-21,-0.0826917158451134,-0.02471730520546446
2020-04-22,0.0826917158451134,0.02515186678349979
2020-04-23,-0.0322608622182214,0.0036461777362026323
2020-04-24,-0.0165293019512106,0.00600973070388127
2020-04-27,0.1103480571688654,0.0017169437138554538
2020-04-28,-0.0775582343458745,-0.0026237006906053425
2020-04-29,0.0160003413464411,0.01908475077951195
2020-04-30,0.0157483569681392,0.0032662174145928436
2020-05-01,0.0,0.0038356206554488598
2020-05-04,0.0,0.006636162379208868
2020-05-05,0.0307716586667536,0.018392598204885313
2020-05-06,0.0870113769896296,-0.0087104525275777
2020-05-07,-0.1335313926245225,-0.030958147851048796
2020-05-11,0.1473247147568584,0.015353661494784463
2020-05-12,-0.0563529365511318,-0.00853054089414019
2020-05-13,-0.0752234212375874,-0.029342754295558805
2020-05-14,-0.0157483569681392,0.03196341031670864
2020-05-15,0.0157483569681392,0.022487455593411455
2020-05-18,0.1315763577887192,0.02901199504641863
2020-05-19,-0.0419641990990322,0.0008877034016267563
2020-05-20,-0.0289875368732521,0.025560877641142645
2020-05-21,0.0,-0.008059366109518316
2020-05-22,-0.0298529631496811,-0.0005162552916999147
2020-05-26,0.0444517625708337,0.023120490472942117
2020-05-27,-0.0145987994211525,-0.015859774667155824
2020-05-28,0.0289875368732521,0.01596169683717317
2020-05-29,-0.0741079721537217,-0.005496247456207442
2020-06-01,0.0152674721307884,0.008300300952062162
2020-06-02,0.0298529631496811,0.015288758259050165
2020-06-03,0.1242977166775771,0.03056145059354802
2020-06-04,0.0629138254105692,0.007115912301049186
2020-06-05,0.104140259252597,0.01699606979699549
2020-06-08,-0.0335226920386435,0.004036552757169204
2020-06-09,-0.0465200156348929,-0.004754539502310659
2020-06-10,-0.1133286853070031,-0.002679782275099452
2020-06-11,-0.1278333715098848,-0.027647045556376496
2020-06-12,0.0730251350148897,0.024696094418644374
2020-06-15,0.0,0.008494408798525274
2020-06-16,0.0548082364949951,0.001000151326626785
2020-06-17,-0.0134230203321407,0.00039073475631985343
2020-06-18,-0.0413852161628544,-0.0006724684784358388
2020-06-19,-0.0141846349919564,-0.0012308453432541525
2020-06-22,0.0141846349919564,0.0183838171136396
2020-06-23,0.0139862419747399,0.001189708501216389
2020-06-24,-0.0425596144187959,-0.028554625158977498
2020-06-25,-0.0145987994211525,0.0009197078301376993
2020-06-26,-0.0606246218164348,-0.012110824650465757
2020-06-29,0.0,0.008803139286697542
2020-06-30,0.0307716586667536,0.008610666620888543
2020-07-01,0.0444517625708337,0.0006382247104115529
2020-07-02,-0.0145987994211525,-9.346285200573682e-05
2020-07-06,0.0145987994211525,0.007909829416560482
2020-07-07,-0.0597192347016221,-0.015586408502091722
2020-07-08,0.0303053494953289,0.0050613540660849905
2020-07-09,-0.0775582343458745,-0.016613482329723574
2020-07-10,0.0472528848505455,0.03154854587396722
2020-07-13,-0.0155041865359652,-0.019369379908826444
2020-07-14,-0.0157483569681392,0.007208869122294253
2020-07-15,0.0157483569681392,0.006759258487677692
2020-07-16,-0.0317486983145803,-0.00673427223661528
2020-07-17,0.0317486983145803,0.007162521912925773
2020-07-20,-0.0317486983145803,0.011212220239087484
2020-07-21,-0.0162605208717803,0.0027655391987321783
2020-07-22,-0.0165293019512106,0.005718061515506282
2020-07-23,-0.0168071183163812,-0.019274771956869538
2020-07-24,0.0,-0.006315664065130921
2020-07-27,0.0495969411393721,0.019621342962834985
2020-07-28,-0.0495969411393721,-0.010308795805692942
2020-07-29,-0.0170944333593001,0.004565366453899112
2020-07-30,-0.0531098253139482,-0.017890691071198287
2020-07-31,0.0,0.008388336702905973
2020-08-03,0.0180185055026783,0.006228445480398273
2020-08-04,-0.0741079721537218,0.0044871549119276846
2020-08-05,0.0560894666510435,0.00877239880047662
2020-08-06,0.0,0.010819675591253207
2020-08-07,0.035718082602079,-0.00618786596111426
2020-08-10,0.0344861760711693,0.00964219784789412
2020-08-11,0.0813456394539525,0.009442241017011004
2020-08-12,0.0752234212375874,0.020381741678077485
2020-08-13,0.028573372444056,0.01194128956324048
2020-08-14,0.0,-0.0034426789256698435
2020-08-17,-0.028573372444056,0.004728593672942323
2020-08-18,-0.0294138852062931,0.004386975312313812
2020-08-19,0.0148150857851406,0.006282848104087566
2020-08-20,-0.0451204352804696,0.003636273880069507
2020-08-21,-0.0155041865359652,0.005896113252280618
2020-08-24,0.0155041865359652,0.005912681981303457
2020-08-25,0.0597192347016221,0.025188869697408786
2020-08-26,0.0,0.01006374391651311
2020-08-27,0.0699585886069104,0.009421576824889116
2020-08-28,0.0,0.009957363766076654
2020-09-01,-0.084557388028063,0.007055633702557696
2020-09-02,-0.0298529631496811,0.01417511301047837
2020-09-03,-0.0465200156348928,-0.020810680568480327
2020-09-04,0.1335313926245225,0.0009053455153342281
2020-09-08,-0.0425596144187959,-0.008900412238693794
2020-09-09,0.028573372444056,0.015310869594994907
2020-09-10,-0.0431721718652086,-0.02015387471708486
2020-09-11,-0.0148150857851406,-0.010813194264408127
2020-09-14,0.0148150857851406,0.0076934369920352765
2020-09-15,0.0,0.009297973041980307
2020-09-16,0.0145987994211525,0.0052860542821897135
2020-09-17,0.0,0.007235413196904004
2020-09-18,0.0143887374520996,-0.00172183801938784
2020-09-21,-0.0289875368732521,-0.006934293707051054
2020-09-22,0.0,0.009138151652059112
2020-09-23,0.0,-0.009162816139386671
2020-09-24,-0.0148150857851406,-0.00733912951658652
2020-09-25,-0.0150378773645405,0.004441727435079955
2020-09-28,0.0150378773645405,0.006407616591324869
2020-09-29,-0.0150378773645405,-0.011274636634386723
2020-09-30,0.0444517625708337,0.027691642423220846
2020-10-01,-0.0145987994211525,0.010226317063968883
2020-10-02,0.0289875368732521,0.009548794091171622
2020-10-05,0.1082135846402328,0.013043775236598413
2020-10-06,-0.0259754864032606,0.0027208275610351306
2020-10-07,0.0637158143861077,0.011987858229545885
2020-10-08,-0.037740327982847,0.012396483739479864
2020-10-09,0.0127390257774297,0.007362008582135243
2020-10-13,-0.0653827592628517,0.002957416537724342
2020-10-14,-0.0136056520557786,0.0004985758021884275
2020-10-15,0.0136056520557786,0.00032082343680205717
2020-10-16,0.0266682470821613,0.008057337702220122
2020-10-19,0.0259754864032606,-0.0034163944517638834
2020-10-20,0.037740327982847,0.01804995627200209
2020-10-21,0.024391453124159,0.00539441019769726
2020-10-22,0.0470675108579858,0.00982882843673868
2020-10-23,-0.0232568621642672,0.0032951261975760304
2020-10-26,-0.0482021018178775,-0.0057588506419282625
2020-10-27,-0.0250013022054172,0.0025502699488008347
2020-10-28,0.0,-0.012926291906497543
2020-10-29,0.0732034040232949,0.009201894561908985
2020-10-30,0.03468555798789,0.0037298977497493735
2020-11-02,-0.0114286958236227,0.013369226872441289
2020-11-03,0.0339015516756813,0.01244073090001263
2020-11-04,-0.1431008436406733,-0.007928766091430159
2020-11-05,0.0127390257774297,0.0006867421708107524
2020-11-06,0.0493927553295763,0.0102372975747761
2020-11-09,0.1455075836712383,0.030994723609080895
2020-11-10,0.0206192872027357,0.005534334069332332
2020-11-12,-0.1076306641923654,0.004772418079545736
2020-11-13,0.0112995552539333,0.0075454625074786695
2020-11-16,0.0222231367847102,0.012700870025568094
2020-11-17,-0.0449513878622663,-0.004563103908610054
2020-11-18,0.0114286958236227,-0.004829134146789746
2020-11-19,-0.0229895182246987,-0.0001351867854380213
2020-11-20,-0.0355066884569098,-0.017048524177116896
2020-11-23,0.0355066884569098,0.016463007857527943
2020-11-24,0.0229895182246987,0.02672876288902169
2020-11-25,0.0,0.009981217133181815
2020-11-30,-0.0465200156348929,-0.00594031868894406
2020-12-01,0.0909717782057267,0.013081784742062516
2020-12-02,0.0320883145515004,0.003612738123790694
2020-12-03,-0.0320883145515004,-0.001651662197664211
2020-12-04,0.0529224014543424,0.011852991337923108
2020-12-07,-0.0314161962333789,0.01774901437145618
2020-12-08,-0.0215062052209634,0.006196856512044919
2020-12-09,0.0320883145515004,0.0008211582242559222
2020-12-10,-0.0320883145515004,-0.026867441327554843
2020-12-11,-0.0219789067187752,-0.005589058987667879
2020-12-14,0.0,0.016636291516857395
2020-12-15,0.0219789067187752,0.020781283744564515
2020-12-16,0.0,0.0011122606380267078
2020-12-17,0.0215062052209634,0.0189389752926675
2020-12-18,0.0105821093305369,0.0039445897723733876
2020-12-21,0.0,0.0056188250856645675
2020-12-22,-0.0212773984472847,0.0032742587180489696
2020-12-23,0.0317486983145802,0.007061131322918845
2020-12-29,-0.0210534091978323,-7.539669464992182e-05
2020-12-30,-0.0106952891167478,-0.0013811728087070173
2020-12-31,0.0,0.014474167405607124
2021-01-04,0.0,-0.019770186798388403
2021-01-05,0.0317486983145802,0.004948359818064489
2021-01-06,0.0800427076735365,0.02186734307641439
2021-01-07,0.037740327982847,0.007468507773663686
2021-01-08,0.0452565915881207,0.01748608332014907
2021-01-11,0.0175443096509095,0.007352586271825452
2021-01-12,0.0,0.0037395110772632284
2021-01-13,-0.0444517625708336,0.0033831342694199485
2021-01-14,0.0444517625708336,0.003428672938094647
2021-01-15,-0.0354019270509157,0.002016262416422642
2021-01-19,-0.0090498355199179,0.00868686279562134
2021-01-21,0.0180185055026783,0.014026426780651626
2021-01-22,-0.0180185055026783,0.0005559237171442479
2021-01-25,-0.0465200156348928,-0.0006004309591040827
2021-01-26,0.0,0.004881137108422087
2021-01-27,-0.0095694510161507,-0.005627938405554294
2021-01-28,0.0284379353205335,0.005399183481073218
2021-01-29,0.0367013668504279,0.0043742325735144335
2021-02-01,-0.0181823190831904,0.012338662710044608
2021-02-02,0.0271509890659508,0.010625981607003194
2021-02-03,0.0264332570681553,0.007860027465054582
2021-02-04,0.0,0.007140819982046581
2021-02-05,0.0341913647482793,0.0016945726119488196
2021-02-08,0.0,0.0025425758490065634
2021-02-09,-0.0084388686458646,-0.00846039592193265
2021-02-10,-0.0257524961024147,-0.006627555979785647
2021-02-11,0.0086580627431145,0.0005789852474305821
2021-02-12,0.0339015516756813,0.017928132954461818
2021-02-16,0.0800427076735364,0.008837889198392403
2021-02-17,-0.0077220460939103,0.009758024448911032
2021-02-18,0.0,0.003115258731249993
2021-02-19,0.0380273955892392,0.0002585117843030237
2021-02-22,0.0221411258772135,0.005811577636169238
2021-02-23,0.0,0.0024279002588956963
2021-02-24,0.0072727593290796,0.008180830224761107
2021-02-25,0.1096989172564246,-0.0014843495161696158
2021-02-26,-0.0671393028376285,0.001632047191715078
2021-03-01,0.0069204428445737,0.006908293097173082
2021-03-02,-0.0209066848193136,0.005298712264994857
2021-03-03,0.0346055291774755,0.0039089159498603395
2021-03-04,0.0465200156348929,0.0026555919256580083
2021-03-05,0.0129034048359079,0.016626934577224552
2021-03-08,0.0190481949706944,0.0036558268383242907
2021-03-09,-0.0254790853009849,0.005446567109306342
2021-03-10,-0.0129871955268112,0.003955362869940255
2021-03-11,0.0065146810211937,0.01317520810241823
2021-03-12,0.0629138254105691,0.0034998010618198004
2021-03-15,-0.0122700925918142,0.008365891941283267
2021-03-16,0.0,0.0033843820951390147
2021-03-17,0.0061538655743781,0.007710492209033946
2021-03-18,0.0479133556958975,-0.0031683250322728654
2021-03-19,0.0173917427118691,0.006067133640425813
2021-03-22,-0.0291565842914555,0.00829537836859218
2021-03-23,-0.0361485141163112,-1.2543547200861234e-05
2021-03-24,-0.0061538655743781,0.00542784539863161
2021-03-25,0.0061538655743781,-0.009800422347616083
2021-03-26,0.0242436116099928,0.025079617165434786
2021-03-29,0.0352977820810238,0.006605167911845994
2021-03-30,0.0,0.004678245161007129
2021-03-31,0.00576370471675,0.0018809558521034873
2021-04-01,-0.0291565842914555,0.00019063186231375005
2021-04-06,-0.0119049025063183,-0.0001421808090541193
2021-04-07,0.0059701669865037,0.0010748038383114117
2021-04-08,-0.0240975515790605,0.003980544716336261
2021-04-09,0.0181273845925567,0.01184216959586426
2021-04-12,0.0119049025063183,0.004902824884167562
2021-04-13,-0.0300322870988751,-0.009458238562190757
2021-04-14,0.0,0.0008854075389010429
2021-04-15,-0.0500104205746612,0.0007794628653821405
2021-04-16,0.0190481949706944,0.005278429744664391
2021-04-19,0.0125001627642314,-0.007016181245766285
2021-04-20,-0.0188093319574962,-0.013484442919643212
2021-04-21,-0.0063492276786587,0.003792720591092141
2021-04-22,0.0,-0.002191912769503668
2021-04-23,0.0063492276786587,0.011323858941127543
2021-04-26,0.0,0.001737490242069731
2021-04-27,0.0311551677797954,0.002808166158142805
2021-04-28,0.0,-0.0032410604030638328
2021-04-29,0.0121952730938182,0.003334844950175003
2021-04-30,0.0,-0.008547312111391918
2021-05-04,-0.0245411089161174,-0.0028948202538777975
2021-05-05,-0.0125001627642314,0.0005858969528062976
2021-05-06,-0.0063091691932647,-0.00012331482839656878
2021-05-07,0.0125787822068601,0.009030687188026765
2021-05-10,0.0185763855729352,-0.001736784423596066
2021-05-11,0.006116227017436,-0.004917860742603631
2021-05-12,0.0300322870988751,0.0003077774641180804
2021-05-13,-0.0179109265665302,0.003309465267151852
2021-05-14,-0.0182375875497809,0.01009203158138199
2021-05-17,0.006116227017436,-0.0012981645860332023
2021-05-18,0.0,-0.006814679801750955
2021-05-19,0.0240975515790605,0.002192738613446819
2021-05-20,-0.0302137785964966,0.0016209254013541368
2021-05-21,0.0,0.004647505114334405
2021-05-24,-0.0123458358222992,0.008517175254873319
2021-05-25,-0.0315483577349259,-0.0048413037373143996
2021-05-26,0.0127390257774297,-0.0010349386945520645
2021-05-27,0.0188093319574962,0.006325266975793089
2021-05-28,-0.0188093319574962,-0.0052835425533140565
2021-06-01,0.0250013022054172,0.004540843826962429
2021-06-02,-0.0186921330121525,0.004547553187248507
2021-06-03,0.0248459985865306,0.004767384560961327
2021-06-04,-0.0438941935572251,0.0013711687400649476
2021-06-07,0.0063897980987709,0.0006835634175960174
2021-06-08,-0.0258078839558726,-0.006162340108025888
2021-06-09,-0.0198026272961797,-0.0077183496035244225
2021-06-10,-0.0339015516756813,-0.0013094189624157935
2021-06-11,0.0136988443581618,0.005030335987094369
2021-06-14,0.026847250036188,0.006366350646290697
2021-06-15,0.0,-0.002387465319503016
2021-06-16,0.0389659685333837,-0.0034833792245880083
2021-06-17,-0.0323652845020316,-0.010377474364306808
2021-06-18,-0.047146778425702,-0.01588600102663869
2021-06-21,0.0339015516756813,0.018669621696373873
2021-06-22,-0.0134230203321407,0.00408720252647446
2021-06-23,0.0134230203321407,0.0016405368955476319
2021-06-24,-0.0066889881507966,0.005387915420086816
2021-06-25,0.03300629646817,0.004907185421216926
2021-06-28,-0.03300629646817,-0.0038169640296759
2021-06-29,0.0,-0.0026364300970505585
2021-06-30,-0.0272125635248847,-0.0035475298713233874
2021-07-01,0.0204785313435406,0.006020540403395828
2021-07-02,-0.0273989741881144,0.010008820230558576
2021-07-06,-0.0498323737478756,-0.014015893837590578
2021-07-07,-0.0296317976063711,0.002486074988244131
2021-07-08,-0.0228146777661714,-0.009833120884735985
2021-07-09,0.0524464753725425,0.021436779631208772
2021-07-12,0.0072727593290796,0.003097778877897629
2021-07-13,0.0285733724440561,-0.003573190908892309
2021-07-14,-0.0358461317731357,-0.00936014077855093
2021-07-15,-0.0447836026269733,-0.01713124296661531
2021-07-16,0.0,-0.01169694002209241
2021-07-19,-0.0960738300896222,-0.035587508195288074
2021-07-20,0.0330608622608881,0.007766244637014592
2021-07-21,0.0553500950831649,0.021298961605220375
2021-07-22,-0.0233473639969911,0.005303577831257622
2021-07-23,0.0233473639969911,0.010875713464217012
2021-07-26,-0.0077220460939103,0.0038373044905264247
2021-07-27,-0.0314986670593709,-0.01375268400871908
2021-07-28,0.0079681696491768,-0.0004764273020097153
2021-07-29,0.0157483569681391,0.015444780974781653
2021-07-30,-0.0317486983145803,-0.012607604873051043
2021-08-02,-0.0327898228229908,-0.013113931459480846
2021-08-03,-0.0083682496705166,0.008142003531612355
2021-08-04,0.0,-0.013106926713421306
2021-08-05,0.0330608622608881,0.014783183451391046
2021-08-06,0.063012967828734,-0.0014886294629826743
2021-08-09,0.0151518050206022,-0.004181674863811082
2021-08-10,0.0223057575142982,0.0007722337817490321
2021-08-11,-0.0073801072976225,0.008246760148027037
2021-08-12,0.0073801072976225,0.012144019871819412
2021-08-13,-0.0528424813743799,-0.008424936924843814
2021-08-16,-0.0235304974101941,0.00717109013501123
2021-08-17,0.0,-0.010882291154450104
2021-08-18,0.0079051795071132,-0.017343907891859873
2021-08-19,-0.0239055208535544,-0.005880565243187449
2021-08-20,0.0160003413464411,-0.0013721296203991992
2021-08-23,-0.0079681696491768,0.009811207235559052
2021-08-24,0.0314986670593709,0.009545538349094086
2021-08-25,0.0454623740767574,0.01070905272127206
2021-08-26,-0.0074349784875181,-0.011496806500012955
2021-08-27,-0.0226424767497598,0.006260167954819909
2021-08-31,-0.0076628727455691,0.009872179236940982
2021-09-01,0.0076628727455691,0.0035619294979352665
2021-09-02,-0.0153849188394794,0.003223867369994753
2021-09-03,0.0305367238600817,0.000469501294077191
2021-09-07,0.0369045569354507,-0.006740495931242753
2021-09-08,-0.021978906718775,-0.003948187281496908
2021-09-09,-0.0377403279828471,-0.01904027908792518
2021-09-10,0.0377403279828471,0.0020819010886823507
2021-09-13,-0.0149256502166756,0.0012768760645531722
2021-09-14,-0.0383188643021366,-0.0039165685123667224
2021-09-15,0.0231670592815343,0.014536359323127319
2021-09-16,0.0226424767497598,0.005247145110215334
2021-09-17,0.0221411258772135,-0.0010274913770042902
2021-09-20,-0.0447836026269733,-0.015247284956612811
2021-09-21,0.0151518050206022,0.0012353136976327372
2021-09-22,-0.0075472056353829,0.009020341971382871
2021-09-23,0.0659579677917973,0.014608609421661615
2021-09-24,0.041672696400568,0.005049624937667786
2021-09-27,0.0067796869853787,0.0052293017017591824
2021-09-28,0.0397403286495141,0.005386983265715926
2021-09-29,0.0064725145056174,0.004350255122587491
2021-09-30,-0.0195445960729702,0.0008053841422021662
2021-10-01,-0.0266682470821613,0.004557417082922071
2021-10-04,0.0067340321813441,-0.0017503313855722423
2021-10-05,0.03300629646817,0.011682380394834942
2021-10-06,-0.0065146810211937,0.004208954086711822
2021-10-07,0.0321571116345313,0.013726678555825518
2021-10-08,0.0188093319574962,0.004051157749613949
2021-10-12,-0.0125001627642314,0.0030908415772784616
2021-10-13,-0.0190481949706944,0.004817766052990672
2021-10-14,-0.0259754864032606,0.009753644263577844
2021-10-15,0.0450236813739551,0.008146532712025352
2021-10-18,0.0,0.00615754940399606
2021-10-19,0.0370412716803489,0.007824271808088853
2021-10-20,0.0,0.006544098322466499
2021-10-21,0.0180185055026783,0.0055486363362680785
2021-10-22,-0.0119761910467156,0.00370432452738252
2021-10-25,-0.0121213605323448,-0.001010143576891864
2021-10-26,-0.006116227017436,0.0008217556441854327
2021-10-27,-0.056797598393133,-0.016612228667981364
2021-10-28,0.0192932029346789,0.008230062880395938
2021-10-29,-0.0128206884290614,0.0061903616651429235
2021-11-01,0.0191699161077201,0.007856527418823925
2021-11-02,-0.0127390257774297,0.0021715530353297215
2021-11-03,0.0253178079842898,0.0019629306950070748
2021-11-04,-0.0447358938413915,-0.0028942079240462035
2021-11-05,-0.053704178971861,-0.007352818126022176
2021-11-08,0.0405460943943499,0.0015297809520139953
2021-11-09,-0.0336732151065879,-0.001395277151888265
2021-11-10,0.0662493855412006,-0.0007947535163621614
2021-11-12,0.0127390257774297,0.01708796070179392
2021-11-15,0.0311551677797954,0.0015875269498056945
2021-11-16,0.0,0.004295578482299041
2021-11-17,-0.0185763855729352,-0.013403415645782088
2021-11-18,-0.0062696130135954,0.0011863552339928718
2021-11-19,-0.0319515998066023,-0.010919525525413915
2021-11-22,0.056797598393133,0.006900896405262295
2021-11-23,0.0242436116099928,0.0151809771498958
2021-11-24,-0.0181273845925567,0.002597543265968146
2021-11-29,-0.0759859069779219,-0.009899551042382805
2021-11-30,-0.0610358905863691,-0.02501345843998396
2021-12-01,0.0,-0.010309307303548072
2021-12-02,0.0069686693160933,0.01162759471362361
2021-12-03,-0.064538521137571,-0.011629055348686489
2021-12-06,0.0575698518214777,0.020109299318676103
2021-12-07,0.0343676435042077,0.028195102386660058
2021-12-08,0.0266682470821613,0.02249987990098607
2021-12-09,-0.0199342149008172,-0.011118251148770377
2021-12-10,-0.0067340321813441,0.012728406316989226
2021-12-13,-0.0413852161628543,-0.024071787357673492
2021-12-14,0.0139862419747399,-0.013295058182678638
2021-12-15,0.0206192872027356,0.013303079730469557
2021-12-16,-0.0206192872027356,-0.005493694113780784
2021-12-17,-0.0210534091978323,-0.01435012925977356
2021-12-20,0.014084739881739,-0.014611627887390179
2021-12-21,0.0343676435042077,0.022374843243980064
2021-12-22,-0.0136056520557786,0.0028173397773533075
2021-12-23,0.0270286723879193,0.006226651101154645
2021-12-29,0.0327898228229909,0.020498943989122994
2021-12-30,-0.0195445960729702,0.0077730637656155364
2022-01-04,0.0881072675102668,0.02838706936719418
2022-01-05,0.0296757681461166,0.005955492671858699
2022-01-06,0.0116280379951191,0.005151377619951619
2022-01-07,0.0171924005403728,0.0008977198465648993
2022-01-10,0.0112995552539333,0.0025262698577150403
2022-01-11,-0.0169975763685711,0.008085337420248362
2022-01-12,-0.005730674708985,-0.00032728584202904937
2022-01-13,-0.0232568621642672,-0.0041886618722946235
2022-01-14,0.0459851132418234,0.009929288488120743
2022-01-18,0.0493250665625015,0.0061019478931354535
2022-01-19,-0.0216224640131658,0.003125314314865894
2022-01-20,0.0,-0.0009523129368310733
2022-01-21,-0.0447001789179068,-0.003059724783890838
