date,true,xgb_pred
2018-11-14,-0.0063897980987708,-0.0002852865
2018-11-15,-0.0032102756302483,0.0027858466
2018-11-16,-0.0096931292056596,-0.0025325837
2018-11-19,-0.0065146810211937,-0.009986643
2018-11-20,0.0,-0.010484295
2018-11-21,0.0,0.006285745
2018-11-26,0.0032626456348163,0.012255744
2018-11-27,-0.0032626456348163,0.0020697922
2018-11-28,0.0,0.011011459
2018-11-29,-0.0098522964430116,-0.0039976873
2018-11-30,-0.0066225407604934,-0.002026581
2018-12-03,-0.0100167782434712,-0.005479642
2018-12-04,-0.0237702193339117,-0.0150471125
2018-12-06,-0.0138410514118714,-0.009998163
2018-12-07,-0.0069930354909706,-0.015410997
2018-12-10,0.0,0.0013605144
2018-12-11,0.0139375078437815,0.0014533065
2018-12-12,0.0068965790590604,-0.00027633342
2018-12-13,0.0,0.0016662765
2018-12-14,-0.0068965790590604,-0.009250934
2018-12-17,-0.0104348772925795,-0.01793707
2018-12-18,-0.0140847398817389,-0.009329507
2018-12-19,-0.017889564750775,-0.014158955
2018-12-20,0.007194275634027,-0.013386383
2018-12-21,0.0,-0.019191327
2018-12-27,-0.007194275634027,0.0051098894
2018-12-28,-0.0182154398913412,-0.008147848
2019-01-02,-0.0223057575142981,0.004948199
2019-01-03,-0.0383188643021366,-0.027366323
2019-01-04,0.042071213920687,0.034650426
2019-01-07,0.0111733005981252,0.014449653
2019-01-08,0.0110498361865849,0.012206295
2019-01-09,0.0036563112031104,0.010602946
2019-01-10,0.0,0.007113753
2019-01-11,-0.0110092855083693,-0.009210639
2019-01-15,0.0036832454162963,0.00096329924
2019-01-16,0.0036697288889624,-0.006808229
2019-01-17,0.0072993024816114,-0.00010703968
2019-01-18,0.0144406841547943,0.007746208
2019-01-22,-0.0180836754332953,-0.019346416
2019-01-23,0.0072727593290795,0.0043949597
2019-01-24,-0.0145987994211524,-0.002884835
2019-01-25,0.0145987994211524,0.0094530415
2019-01-28,-0.0036297680505785,-0.011040087
2019-01-29,-0.0109690313705739,-0.0074009113
2019-01-30,-0.0073801072976225,0.005171448
2019-01-31,-0.0262679268206103,-0.0017266142
2019-02-01,0.0262679268206103,0.014359185
2019-02-04,0.0110498361865849,0.014612924
2019-02-05,-0.0073529743052588,-0.014553976
2019-02-06,-0.0036968618813261,-0.0112486845
2019-02-07,-0.0186921330121526,-0.019793905
2019-02-08,-0.0075757938084576,-0.007066501
2019-02-11,0.0075757938084576,-0.0009225882
2019-02-12,0.0112571545246346,0.011442175
2019-02-13,0.0111318403688441,0.00501029
2019-02-14,-0.0186225120980018,-0.008204242
2019-02-15,0.0,-0.0009294207
2019-02-19,-0.0037664827954769,-0.012423138
2019-02-21,0.0149815536156169,0.011006447
2019-02-22,-0.0149815536156169,-0.009450487
2019-02-25,0.0075188324140273,0.003616586
2019-02-26,-0.0112995552539333,-0.009827517
2019-02-27,0.0187622764555228,0.005453932
2019-02-28,0.0147604155831206,0.007346926
2019-03-01,0.01092907053219,0.006786574
2019-03-04,-0.0145987994211524,-0.0007801729
2019-03-05,0.0,-0.009121094
2019-03-06,-0.0110906866941582,-0.012112486
2019-03-07,-0.0187622764555228,-0.0073290635
2019-03-08,-0.0076045993852192,-0.007781743
2019-03-11,0.0076045993852192,0.012849832
2019-03-12,-0.0114286958236228,0.005355528
2019-03-13,0.0,0.00011249294
2019-03-14,0.0076336248550711,-0.0030122206
2019-03-15,-0.0153259704782268,-0.010050565
2019-03-18,0.00385356931599,0.009186357
2019-03-19,0.0038387763071656,0.0012730411
2019-03-20,-0.0271861403041567,-0.012294091
2019-03-21,0.0,-0.0010576926
2019-03-22,-0.0401660417253347,-0.022904707
2019-03-25,-0.0041067819526533,-0.0037604403
2019-03-26,-0.0082645098498934,0.0058620186
2019-03-27,-0.0083333815591443,-0.010993083
2019-03-28,0.0,0.0015822253
2019-03-29,0.0083333815591443,0.007382661
2019-04-01,0.0326559629740527,0.015933445
2019-04-02,-0.0040241502997255,-0.010318122
2019-04-03,0.0160003413464411,0.008646208
2019-04-04,-0.0039761483796394,0.005078747
2019-04-05,-0.0039920212695373,0.00061754626
2019-04-08,0.0079681696491767,-0.006216899
2019-04-09,-0.0039761483796394,-0.0019281836
2019-04-10,-0.0120241929668016,-0.0028756447
2019-04-11,0.0120241929668016,-0.003177504
2019-04-12,0.0197245053477786,0.016515905
2019-04-15,-0.0039138993211363,-0.0010051195
2019-04-16,0.0194180858571015,0.0053003035
2019-04-17,-0.00385356931599,0.007129985
2019-04-18,-0.0077519768043179,-0.00416315
2019-04-23,0.0,0.01897904
2019-04-24,-0.0156865961676996,-0.0051101777
2019-04-25,0.0039447782910164,0.002405223
2019-04-26,-0.0118813278867527,-0.003173613
2019-04-29,0.0118813278867527,0.0044259424
2019-04-30,-0.0118813278867527,-0.011455012
2019-05-01,0.0039761483796394,-0.013077654
2019-05-02,0.0118344576470028,0.0018755918
2019-05-03,-0.0039292781398895,-0.0030907744
2019-05-07,-0.0360760564738095,-0.023693923
2019-05-08,0.0161946859199806,0.008927844
2019-05-09,-0.0161946859199806,-0.0059396713
2019-05-10,0.0081301260832501,0.005771094
2019-05-13,-0.028749413285986,-0.0185459
2019-05-14,0.0082988028146951,0.0013243372
2019-05-15,-0.0208775850215552,-0.0067323567
2019-05-16,0.01257878220686,0.008803149
2019-05-17,-0.0041753714104805,-0.012301425
2019-05-20,0.0083333815591443,-0.0007854211
2019-05-21,0.0082645098498934,0.006987523
2019-05-22,-0.0165978914090377,-0.01106821
2019-05-23,-0.0340458414097171,-0.024384005
2019-05-24,0.0043196611445163,0.0039913044
2019-05-28,-0.0262023723940241,-0.014126915
2019-05-29,-0.0044345970678656,-0.010054366
2019-05-30,-0.0134230203321406,-0.0008591116
2019-05-31,-0.036701366850428,-0.034778222
2019-06-03,-0.0332572217564824,-0.017955543
2019-06-04,0.0238674814066435,0.013760987
2019-06-05,0.0,0.016476622
2019-06-06,0.0,0.00027811233
2019-06-07,-0.0142520227072016,-0.0014279655
2019-06-10,0.0283037761628518,0.009509594
2019-06-11,0.0,0.0020672148
2019-06-12,-0.0093458624182377,-0.0101309875
2019-06-13,-0.0141846349919563,0.01243769
2019-06-14,-0.0047732787526577,-0.0017805512
2019-06-17,0.0,-0.0032130925
2019-06-18,-0.0144580831752297,0.00069281197
2019-06-19,-0.0146701897477938,-0.0045205555
2019-06-20,-0.0099010709827116,0.0151185375
2019-06-21,0.0294138852062934,0.0141296955
2019-06-24,-0.0244510958641642,-0.0062039397
2019-06-25,-0.009950330853168,-0.008228889
2019-06-26,0.0246926125903714,0.003313733
2019-06-27,-0.0197050710793325,-0.00076302106
2019-06-28,-0.0049875415110389,0.006181982
2019-07-01,0.0148886124937506,0.027850056
2019-07-02,-0.024938948347252,-0.014120873
2019-07-03,-0.010152371464018,-0.0014370196
2019-07-08,0.0448953199078909,0.0075297216
2019-07-09,0.0097088141269608,0.0101181
2019-07-10,0.0,-0.007991584
2019-07-11,0.028573372444056,0.003247149
2019-07-12,-0.0047058910374124,0.00492178
2019-07-15,-0.0142520227072016,-0.007395488
2019-07-16,0.018957913744614,0.010454425
2019-07-17,-0.0334159969198438,-0.02076401
2019-07-18,-0.0097561749453647,0.0019372738
2019-07-19,0.0048899852941917,0.00868642
2019-07-22,0.0,0.008838052
2019-07-23,0.0145281005629098,-0.004691415
2019-07-24,-0.0145281005629098,-0.0015328939
2019-07-25,0.0145281005629098,-0.0012040469
2019-07-26,0.0,-0.009954223
2019-07-29,-0.0096619109117368,-0.0045053307
2019-07-30,0.0,-0.0045812456
2019-07-31,-0.0196084713883764,-0.021301962
2019-08-01,-0.0612436252407186,-0.02686261
2019-08-02,-0.0212773984472847,-0.008389706
2019-08-05,-0.0609606997896873,-0.050755244
2019-08-06,-0.011494379425735,0.00027836306
2019-08-07,-0.0116280379951191,-0.0071966103
2019-08-08,0.0058309203107932,0.0032740312
2019-08-09,0.0115608224010759,-0.008201489
2019-08-12,-0.0531098253139484,-0.036128692
2019-08-13,0.0180185055026783,0.0016597107
2019-08-14,-0.0550597771830272,-0.048718534
2019-08-15,-0.0450236813739551,-0.014762299
2019-08-16,0.0195445960729702,0.00809629
2019-08-19,0.0317486983145803,0.00872722
2019-08-20,-0.0317486983145803,-0.035560574
2019-08-21,0.0254790853009849,-0.010972311
2019-08-22,0.0186921330121525,-0.02643494
2019-08-23,-0.0637158143861077,-0.05039393
2019-08-27,-0.0199342149008172,-0.006457329
2019-08-28,-0.0135137191667228,-0.0050167893
2019-08-29,0.0202027073175194,0.004476136
2019-08-30,0.0,-0.014130871
2019-09-03,-0.0202027073175194,-0.040503263
2019-09-04,0.0,0.017346187
2019-09-05,0.0658132185695718,0.022460308
2019-09-06,-0.0128206884290614,-0.012302338
2019-09-09,0.0503250838875156,0.012692683
2019-09-10,0.0537442760066907,0.018382294
2019-09-11,0.0172914971100609,0.013984663
2019-09-12,0.022599831917241,-0.00082124973
2019-09-13,0.059638266319731,0.03090227
2019-09-16,-0.0320883145515004,0.0088058235
2019-09-17,-0.0164387263431599,-0.014864055
2019-09-18,-0.0055401803756153,-0.018990448
2019-09-19,-0.0055710450494553,0.0027552072
2019-09-20,-0.028330506626226,-0.017179927
2019-09-23,-0.0115608224010759,-0.0073665027
2019-09-24,-0.0476280489892547,-0.0058635953
2019-09-25,0.0534251666735806,0.02722202
2019-09-26,-0.0174931574475172,0.0015888682
2019-09-27,-0.0058997221271882,-0.0073797316
2019-09-30,-0.0059347355198146,-0.009941785
2019-10-01,-0.0180185055026783,-0.008688874
2019-10-02,-0.0307716586667535,-0.024120627
2019-10-03,-0.0382212128201978,-0.02159532
2019-10-04,-0.0130720815673527,0.009913348
2019-10-07,0.0259754864032606,-0.01867708
2019-10-08,-0.0129034048359079,-0.042439077
2019-10-09,0.0319515998066023,0.0067252144
2019-10-10,0.0490896101965235,0.014889146
2019-10-11,0.0524901826213967,0.0004706235
2019-10-15,0.0056657375356773,0.002437806
2019-10-16,-0.0113637586503151,-0.006347718
2019-10-17,0.0056980211146377,0.007019722
2019-10-18,0.0,-0.0038721347
2019-10-21,0.0224728558520586,0.014076649
2019-10-22,-0.0111733005981252,-0.002753853
2019-10-23,-0.0056338177182559,0.017961534
2019-10-24,0.0,-0.014695879
2019-10-25,0.0168071183163812,0.008089986
2019-10-28,0.0273989741881144,0.004911643
2019-10-29,-0.0054200674693392,-0.0010659366
2019-10-30,-0.0331522073169004,-0.0032651918
2019-10-31,-0.0518848353690116,-0.011801847
2019-11-01,0.0233928795747054,0.028406158
2019-11-04,0.034094211342976,0.022030571
2019-11-05,0.0383608678724463,0.0024479856
2019-11-06,-0.0272496424473756,-0.005541196
2019-11-07,0.0589983407619557,0.01122745
2019-11-08,0.0103627870355466,-0.006898017
2019-11-12,-0.0103627870355466,-0.019704912
2019-11-13,-0.0210534091978323,-0.00834572
2019-11-14,-0.0324352757531537,-2.9952385e-05
2019-11-15,0.0109290705321902,0.011765147
2019-11-18,-0.0164387263431599,-0.008100245
2019-11-19,-0.0111112254250707,-0.008081523
2019-11-20,-0.034094211342976,-0.010714321
2019-11-21,0.0228581380760501,0.012209662
2019-11-22,0.0,-0.00074326096
2019-11-25,-0.0056657375356773,0.0013952943
2019-11-26,-0.0114286958236228,-0.01070811
2019-11-27,0.0170944333593001,0.012902282
2019-11-29,0.0056338177182559,0.010203135
2019-12-02,0.0277026025493357,0.025943847
2019-12-03,-0.0619916760279678,-0.025532238
2019-12-04,0.028655255760376,0.014842665
2019-12-05,0.0168071183163812,-0.008598515
2019-12-06,0.0219789067187752,0.016840074
2019-12-09,-0.0054496047675647,-0.028270936
2019-12-10,0.0108696722369039,-0.0067251367
2019-12-11,-0.0329700192375698,-0.010828914
2019-12-12,0.059638266319731,0.03689813
2019-12-13,-0.0430173850836906,-0.0040087253
2019-12-16,0.0377403279828469,0.01642861
2019-12-17,0.0,0.013369354
2019-12-18,0.0157483569681391,0.009961339
2019-12-19,0.0,0.014814553
2019-12-20,0.0,-0.006221042
2019-12-23,0.0051948168771039,0.0037102164
2019-12-27,-0.0262482260749363,-0.004250592
2019-12-30,0.0105821093305369,0.01705243
2020-01-02,-0.0105821093305369,0.0004778586
2020-01-03,-0.0434851119397386,-0.015720937
2020-01-06,0.0055401803756153,0.003352935
2020-01-07,0.0109891215755951,0.021499816
2020-01-08,0.0216224640131658,0.0020236482
2020-01-09,-0.0107527917762618,-0.0026353076
2020-01-10,-0.0108696722369039,-0.01032288
2020-01-13,0.0108696722369039,0.009661483
2020-01-14,-0.0163491380015294,-0.009251919
2020-01-15,-0.0166208812360403,0.0014682885
2020-01-16,0.0111112254250707,-0.006648735
2020-01-17,0.0164387263431599,0.023886807
2020-01-21,-0.0331522073169004,-0.0239935
2020-01-22,-0.0056338177182559,-0.0048624445
2020-01-23,-0.0170944333593001,-0.00990218
2020-01-24,-0.0232568621642672,-0.014322188
2020-01-27,-0.0543940720657986,-0.0340648
2020-01-28,0.0245411089161174,0.014407846
2020-01-29,-0.0307716586667535,-0.00072537747
2020-01-30,-0.0189280098855189,-0.0049392325
2020-01-31,-0.0389659685333837,-0.021469705
2020-02-03,0.0196727655987048,0.009043151
2020-02-04,0.0444517625708338,0.017366933
2020-02-05,0.0305834233720801,0.0117366845
2020-02-06,-0.0060423144559627,-0.0031762728
2020-02-07,-0.0370412716803489,-0.024003873
2020-02-10,-0.0190481949706944,-0.005899438
2020-02-11,0.0190481949706944,-0.0006233603
2020-02-12,0.0186921330121525,0.014667939
2020-02-13,-0.006191970247921,6.978852e-05
2020-02-14,-0.0125001627642314,0.0007092874
2020-02-18,-0.0254790853009849,-0.012867961
2020-02-19,0.0064308903302904,0.017567761
2020-02-20,-0.0259754864032606,-0.007465201
2020-02-21,-0.0402738991379399,-0.03268631
2020-02-24,-0.0563529365511318,-0.039901335
2020-02-25,-0.0369045569354507,-0.035919067
2020-02-26,0.0,-0.01325105
2020-02-27,-0.0228146777661714,-0.030462602
2020-02-28,-0.1401466317432419,-0.031785026
2020-03-02,-0.0269074529199241,0.04559913
2020-03-03,-0.0755075525081452,-0.012833561
2020-03-04,0.0,0.019361585
2020-03-05,-0.1031842362352307,-0.0050699217
2020-03-06,-0.2177234838448706,-0.011812345
2020-03-09,-0.3150810466398953,-0.024471333
2020-03-10,0.3417492937220566,0.04451704
2020-03-11,0.0759859069779219,-0.016473288
2020-03-12,0.0706175672139534,-0.016875112
2020-03-13,0.0659579677917973,-0.0074161324
2020-03-16,-0.2528353411216127,-0.03496956
2020-03-17,0.3345133721358799,-0.051118314
2020-03-18,0.1457118111813936,-0.04844804
2020-03-19,-0.05218575317057,-0.00024548243
2020-03-20,-0.1967102942460543,-0.030367158
2020-03-23,-0.1910552367627093,-0.009506796
2020-03-24,0.1000834585569825,-0.011085612
2020-03-25,0.0465200156348929,0.017045533
2020-03-26,-0.0584962066816086,-0.027684437
2020-03-27,-0.1421744887805426,-0.012921667
2020-03-30,-0.0281708769666963,-0.009831738
2020-03-31,0.0,-0.00603707
2020-04-01,-0.1213608570042673,-0.01859378
2020-04-02,0.0160003413464411,0.0404967
2020-04-03,-0.0160003413464411,0.013822748
2020-04-06,0.0775582343458745,0.033411052
2020-04-07,0.1127954941453443,-0.03185614
2020-04-08,0.0263173083173733,-0.025322076
2020-04-09,-0.0533459807052927,-0.08754535
2020-04-14,0.0402738991379399,-0.03360523
2020-04-15,-0.1875986138947983,-0.016682329
2020-04-16,-0.0322608622182214,-0.015785653
2020-04-17,0.0635134057223258,-0.00811531
2020-04-20,-0.0312525435041044,-0.028742967
2020-04-21,-0.0826917158451134,-0.020153798
2020-04-22,0.0826917158451134,0.048120894
2020-04-23,-0.0322608622182214,-0.0011280503
2020-04-24,-0.0165293019512106,-0.00034108196
2020-04-27,0.1103480571688654,-0.0011057779
2020-04-28,-0.0775582343458745,0.0073668147
2020-04-29,0.0160003413464411,0.02530128
2020-04-30,0.0157483569681392,0.026539076
2020-05-01,0.0,0.03275453
2020-05-04,0.0,-0.008894019
2020-05-05,0.0307716586667536,0.02508546
2020-05-06,0.0870113769896296,-0.014416057
2020-05-07,-0.1335313926245225,-0.09229556
2020-05-11,0.1473247147568584,0.0049829134
2020-05-12,-0.0563529365511318,0.004993178
2020-05-13,-0.0752234212375874,-0.05746405
2020-05-14,-0.0157483569681392,0.045520373
2020-05-15,0.0157483569681392,0.042915728
2020-05-18,0.1315763577887192,0.030908199
2020-05-19,-0.0419641990990322,-0.008397545
2020-05-20,-0.0289875368732521,0.013686475
2020-05-21,0.0,-0.013093442
2020-05-22,-0.0298529631496811,-0.016822012
2020-05-26,0.0444517625708337,0.003341362
2020-05-27,-0.0145987994211525,-0.039803833
2020-05-28,0.0289875368732521,0.03661833
2020-05-29,-0.0741079721537217,-0.026161581
2020-06-01,0.0152674721307884,0.00301539
2020-06-02,0.0298529631496811,0.008489318
2020-06-03,0.1242977166775771,0.020268593
2020-06-04,0.0629138254105692,0.008005364
2020-06-05,0.104140259252597,0.01235686
2020-06-08,-0.0335226920386435,-0.03768315
2020-06-09,-0.0465200156348929,-0.018886305
2020-06-10,-0.1133286853070031,0.00044689406
2020-06-11,-0.1278333715098848,-0.037406895
2020-06-12,0.0730251350148897,0.03732097
2020-06-15,0.0,0.009744349
2020-06-16,0.0548082364949951,-0.011970744
2020-06-17,-0.0134230203321407,0.011677788
2020-06-18,-0.0413852161628544,0.0062084845
2020-06-19,-0.0141846349919564,0.008056241
2020-06-22,0.0141846349919564,0.023161463
2020-06-23,0.0139862419747399,-0.011448483
2020-06-24,-0.0425596144187959,-0.025866153
2020-06-25,-0.0145987994211525,-0.009335851
2020-06-26,-0.0606246218164348,-0.005837244
2020-06-29,0.0,-0.00036116003
2020-06-30,0.0307716586667536,0.005354854
2020-07-01,0.0444517625708337,-0.015990434
2020-07-02,-0.0145987994211525,-0.023597492
2020-07-06,0.0145987994211525,-0.018237904
2020-07-07,-0.0597192347016221,-0.012748411
2020-07-08,0.0303053494953289,0.015320961
2020-07-09,-0.0775582343458745,-0.010890465
2020-07-10,0.0472528848505455,0.047543027
2020-07-13,-0.0155041865359652,-0.027892224
2020-07-14,-0.0157483569681392,0.002568576
2020-07-15,0.0157483569681392,-0.0073971655
2020-07-16,-0.0317486983145803,-0.011268055
2020-07-17,0.0317486983145803,0.027104897
2020-07-20,-0.0317486983145803,0.0070256013
2020-07-21,-0.0162605208717803,-0.006635875
2020-07-22,-0.0165293019512106,-0.0062018577
2020-07-23,-0.0168071183163812,-0.020904666
2020-07-24,0.0,0.00670422
2020-07-27,0.0495969411393721,0.04156801
2020-07-28,-0.0495969411393721,-0.011968462
2020-07-29,-0.0170944333593001,-0.015529976
2020-07-30,-0.0531098253139482,-0.028901046
2020-07-31,0.0,0.008835553
2020-08-03,0.0180185055026783,0.018044408
2020-08-04,-0.0741079721537218,0.003644157
2020-08-05,0.0560894666510435,0.01684524
2020-08-06,0.0,0.017860444
2020-08-07,0.035718082602079,-0.0056850426
2020-08-10,0.0344861760711693,0.0087478105
2020-08-11,0.0813456394539525,0.030787585
2020-08-12,0.0752234212375874,0.007824835
2020-08-13,0.028573372444056,0.021596743
2020-08-14,0.0,-0.0104368655
2020-08-17,-0.028573372444056,-0.007685899
2020-08-18,-0.0294138852062931,-0.0120259505
2020-08-19,0.0148150857851406,0.024656763
2020-08-20,-0.0451204352804696,-0.012365402
2020-08-21,-0.0155041865359652,0.010252271
2020-08-24,0.0155041865359652,0.0022872284
2020-08-25,0.0597192347016221,0.028267175
2020-08-26,0.0,-0.006128242
2020-08-27,0.0699585886069104,0.026768954
2020-08-28,0.0,-0.0005825267
2020-09-01,-0.084557388028063,-0.014468995
2020-09-02,-0.0298529631496811,0.029122021
2020-09-03,-0.0465200156348928,-0.024260566
2020-09-04,0.1335313926245225,0.037973125
2020-09-08,-0.0425596144187959,-0.021241307
2020-09-09,0.028573372444056,0.011711399
2020-09-10,-0.0431721718652086,-0.034375038
2020-09-11,-0.0148150857851406,-0.016598549
2020-09-14,0.0148150857851406,0.0065292977
2020-09-15,0.0,0.011249816
2020-09-16,0.0145987994211525,0.027650857
2020-09-17,0.0,0.027799184
2020-09-18,0.0143887374520996,0.011262746
2020-09-21,-0.0289875368732521,0.004211461
2020-09-22,0.0,0.020030456
2020-09-23,0.0,-0.0093240915
2020-09-24,-0.0148150857851406,-0.024040578
2020-09-25,-0.0150378773645405,-1.9875164e-05
2020-09-28,0.0150378773645405,-0.013502407
2020-09-29,-0.0150378773645405,-0.004096077
2020-09-30,0.0444517625708337,0.050315678
2020-10-01,-0.0145987994211525,0.015547543
2020-10-02,0.0289875368732521,0.027152793
2020-10-05,0.1082135846402328,0.015048536
2020-10-06,-0.0259754864032606,0.009131947
2020-10-07,0.0637158143861077,0.01368853
2020-10-08,-0.037740327982847,0.010416975
2020-10-09,0.0127390257774297,0.012325068
2020-10-13,-0.0653827592628517,-0.0135384435
2020-10-14,-0.0136056520557786,0.015242121
2020-10-15,0.0136056520557786,0.017443696
2020-10-16,0.0266682470821613,0.022139834
2020-10-19,0.0259754864032606,-0.0002067732
2020-10-20,0.037740327982847,0.027693816
2020-10-21,0.024391453124159,0.010591611
2020-10-22,0.0470675108579858,0.019939328
2020-10-23,-0.0232568621642672,-0.0113469865
2020-10-26,-0.0482021018178775,-0.019626673
2020-10-27,-0.0250013022054172,0.0109084435
2020-10-28,0.0,-0.021737406
2020-10-29,0.0732034040232949,0.0110328
2020-10-30,0.03468555798789,0.003888953
2020-11-02,-0.0114286958236227,0.006521466
2020-11-03,0.0339015516756813,0.006654705
2020-11-04,-0.1431008436406733,-0.022915367
2020-11-05,0.0127390257774297,-0.003402885
2020-11-06,0.0493927553295763,0.029514113
2020-11-09,0.1455075836712383,0.04337348
2020-11-10,0.0206192872027357,0.016046334
2020-11-12,-0.1076306641923654,-0.00274567
2020-11-13,0.0112995552539333,-0.030380402
2020-11-16,0.0222231367847102,-0.00051527144
2020-11-17,-0.0449513878622663,-0.021670416
2020-11-18,0.0114286958236227,-0.0057737585
2020-11-19,-0.0229895182246987,0.0032031487
2020-11-20,-0.0355066884569098,-0.023597628
2020-11-23,0.0355066884569098,0.037118208
2020-11-24,0.0229895182246987,0.049595453
2020-11-25,0.0,0.015727043
2020-11-30,-0.0465200156348929,-0.0064566624
2020-12-01,0.0909717782057267,0.009790099
2020-12-02,0.0320883145515004,0.0020365985
2020-12-03,-0.0320883145515004,-0.0013318139
2020-12-04,0.0529224014543424,0.02247395
2020-12-07,-0.0314161962333789,0.03741757
2020-12-08,-0.0215062052209634,0.00077012065
2020-12-09,0.0320883145515004,0.00031865013
2020-12-10,-0.0320883145515004,-0.039001442
2020-12-11,-0.0219789067187752,-0.016112534
2020-12-14,0.0,0.053562295
2020-12-15,0.0219789067187752,0.0276414
2020-12-16,0.0,-0.0019033126
2020-12-17,0.0215062052209634,0.041686706
2020-12-18,0.0105821093305369,0.012896216
2020-12-21,0.0,0.017773123
2020-12-22,-0.0212773984472847,0.00934477
2020-12-23,0.0317486983145802,0.013089574
2020-12-29,-0.0210534091978323,-0.005639385
2020-12-30,-0.0106952891167478,0.010201275
2020-12-31,0.0,0.034170058
2021-01-04,0.0,-0.021507312
2021-01-05,0.0317486983145802,0.012430791
2021-01-06,0.0800427076735365,0.037344944
2021-01-07,0.037740327982847,-0.0008769669
2021-01-08,0.0452565915881207,0.03231881
2021-01-11,0.0175443096509095,0.026962057
2021-01-12,0.0,-0.0021796122
2021-01-13,-0.0444517625708336,0.0011369227
2021-01-14,0.0444517625708336,0.025274418
2021-01-15,-0.0354019270509157,-0.0021153628
2021-01-19,-0.0090498355199179,0.0018392019
2021-01-21,0.0180185055026783,0.016170723
2021-01-22,-0.0180185055026783,0.0013688151
2021-01-25,-0.0465200156348928,-0.0066630025
2021-01-26,0.0,0.017423997
2021-01-27,-0.0095694510161507,0.00641802
2021-01-28,0.0284379353205335,-0.004934374
2021-01-29,0.0367013668504279,0.024237955
2021-02-01,-0.0181823190831904,0.009506687
2021-02-02,0.0271509890659508,0.008606096
2021-02-03,0.0264332570681553,0.012450687
2021-02-04,0.0,-0.009742888
2021-02-05,0.0341913647482793,-0.01964556
2021-02-08,0.0,-0.009224989
2021-02-09,-0.0084388686458646,-0.016121596
2021-02-10,-0.0257524961024147,-0.008280145
2021-02-11,0.0086580627431145,0.00785596
2021-02-12,0.0339015516756813,0.030618357
2021-02-16,0.0800427076735364,0.026659247
2021-02-17,-0.0077220460939103,0.021098323
2021-02-18,0.0,0.013622333
2021-02-19,0.0380273955892392,0.0066087423
2021-02-22,0.0221411258772135,0.016709348
2021-02-23,0.0,0.014279849
2021-02-24,0.0072727593290796,0.003958671
2021-02-25,0.1096989172564246,0.0050294395
2021-02-26,-0.0671393028376285,0.007634104
2021-03-01,0.0069204428445737,0.004362492
2021-03-02,-0.0209066848193136,0.014617287
2021-03-03,0.0346055291774755,0.013314252
2021-03-04,0.0465200156348929,0.016500082
2021-03-05,0.0129034048359079,0.03069041
2021-03-08,0.0190481949706944,3.288199e-05
2021-03-09,-0.0254790853009849,0.0028459604
2021-03-10,-0.0129871955268112,0.010022965
2021-03-11,0.0065146810211937,0.027001051
2021-03-12,0.0629138254105691,0.009025918
2021-03-15,-0.0122700925918142,0.008540135
2021-03-16,0.0,-0.0011757283
2021-03-17,0.0061538655743781,0.021178337
2021-03-18,0.0479133556958975,0.0036571228
2021-03-19,0.0173917427118691,0.008222185
2021-03-22,-0.0291565842914555,-0.0026257068
2021-03-23,-0.0361485141163112,0.0023283872
2021-03-24,-0.0061538655743781,0.022103526
2021-03-25,0.0061538655743781,-0.011534434
2021-03-26,0.0242436116099928,0.030805955
2021-03-29,0.0352977820810238,0.02233752
2021-03-30,0.0,0.013720805
2021-03-31,0.00576370471675,-0.005223651
2021-04-01,-0.0291565842914555,-0.0151727265
2021-04-06,-0.0119049025063183,-0.0020171108
2021-04-07,0.0059701669865037,0.0005974386
2021-04-08,-0.0240975515790605,0.0019692758
2021-04-09,0.0181273845925567,0.024638103
2021-04-12,0.0119049025063183,0.0068147527
2021-04-13,-0.0300322870988751,-0.019808996
2021-04-14,0.0,0.008484076
2021-04-15,-0.0500104205746612,-0.012371288
2021-04-16,0.0190481949706944,0.01192606
2021-04-19,0.0125001627642314,-0.010038914
2021-04-20,-0.0188093319574962,-0.019267585
2021-04-21,-0.0063492276786587,0.020811487
2021-04-22,0.0,0.018726138
2021-04-23,0.0063492276786587,0.013010528
2021-04-26,0.0,0.001582094
2021-04-27,0.0311551677797954,0.007638298
2021-04-28,0.0,-0.011957675
2021-04-29,0.0121952730938182,0.008213214
2021-04-30,0.0,-0.0042843055
2021-05-04,-0.0245411089161174,0.0011487788
2021-05-05,-0.0125001627642314,0.0057672304
2021-05-06,-0.0063091691932647,0.0057464344
2021-05-07,0.0125787822068601,0.01841511
2021-05-10,0.0185763855729352,-1.839234e-05
2021-05-11,0.006116227017436,-0.0047924123
2021-05-12,0.0300322870988751,0.023735816
2021-05-13,-0.0179109265665302,0.0044482024
2021-05-14,-0.0182375875497809,0.014472721
2021-05-17,0.006116227017436,-0.0032617638
2021-05-18,0.0,-0.005892335
2021-05-19,0.0240975515790605,0.008580133
2021-05-20,-0.0302137785964966,-0.003998234
2021-05-21,0.0,0.0040691686
2021-05-24,-0.0123458358222992,0.008296547
2021-05-25,-0.0315483577349259,-0.007433044
2021-05-26,0.0127390257774297,-0.0017743688
2021-05-27,0.0188093319574962,0.009290205
2021-05-28,-0.0188093319574962,-0.009667602
2021-06-01,0.0250013022054172,0.0067299833
2021-06-02,-0.0186921330121525,0.0062683728
2021-06-03,0.0248459985865306,0.018515259
2021-06-04,-0.0438941935572251,-0.0055606547
2021-06-07,0.0063897980987709,-0.0011192962
2021-06-08,-0.0258078839558726,-0.012724372
2021-06-09,-0.0198026272961797,-0.014799225
2021-06-10,-0.0339015516756813,-0.0055468814
2021-06-11,0.0136988443581618,0.014723113
2021-06-14,0.026847250036188,0.021504318
2021-06-15,0.0,-0.0049539735
2021-06-16,0.0389659685333837,0.0023593951
2021-06-17,-0.0323652845020316,-0.019400498
2021-06-18,-0.047146778425702,-0.01777288
2021-06-21,0.0339015516756813,0.030718558
2021-06-22,-0.0134230203321407,0.00634962
2021-06-23,0.0134230203321407,0.010399281
2021-06-24,-0.0066889881507966,-0.001319367
2021-06-25,0.03300629646817,0.00810181
2021-06-28,-0.03300629646817,-0.013676346
2021-06-29,0.0,-0.009228189
2021-06-30,-0.0272125635248847,-0.0057806466
2021-07-01,0.0204785313435406,0.0071602426
2021-07-02,-0.0273989741881144,0.014038855
2021-07-06,-0.0498323737478756,-0.016263764
2021-07-07,-0.0296317976063711,0.014696294
2021-07-08,-0.0228146777661714,-0.006925163
2021-07-09,0.0524464753725425,0.04352001
2021-07-12,0.0072727593290796,0.0075227125
2021-07-13,0.0285733724440561,0.0003601174
2021-07-14,-0.0358461317731357,-0.024553696
2021-07-15,-0.0447836026269733,-0.043674067
2021-07-16,0.0,-0.011310466
2021-07-19,-0.0960738300896222,-0.04455037
2021-07-20,0.0330608622608881,0.014665693
2021-07-21,0.0553500950831649,0.043311317
2021-07-22,-0.0233473639969911,-0.0011059406
2021-07-23,0.0233473639969911,0.017161185
2021-07-26,-0.0077220460939103,-0.004108889
2021-07-27,-0.0314986670593709,-0.021922575
2021-07-28,0.0079681696491768,0.0009159371
2021-07-29,0.0157483569681391,0.026879732
2021-07-30,-0.0317486983145803,-0.016159572
2021-08-02,-0.0327898228229908,-0.01942405
2021-08-03,-0.0083682496705166,0.0242006
2021-08-04,0.0,-0.008542017
2021-08-05,0.0330608622608881,0.026217462
2021-08-06,0.063012967828734,0.002180925
2021-08-09,0.0151518050206022,-0.0030208009
2021-08-10,0.0223057575142982,-0.0051315073
2021-08-11,-0.0073801072976225,0.005322434
2021-08-12,0.0073801072976225,0.020667458
2021-08-13,-0.0528424813743799,-0.029919295
2021-08-16,-0.0235304974101941,0.017680028
2021-08-17,0.0,-0.021430725
2021-08-18,0.0079051795071132,-0.029430538
2021-08-19,-0.0239055208535544,-0.0062816674
2021-08-20,0.0160003413464411,-0.004106745
2021-08-23,-0.0079681696491768,0.006324515
2021-08-24,0.0314986670593709,0.02096062
2021-08-25,0.0454623740767574,0.01635498
2021-08-26,-0.0074349784875181,-0.021446142
2021-08-27,-0.0226424767497598,0.0019811434
2021-08-31,-0.0076628727455691,0.014234576
2021-09-01,0.0076628727455691,0.0030436327
2021-09-02,-0.0153849188394794,0.0004566835
2021-09-03,0.0305367238600817,-0.005502526
2021-09-07,0.0369045569354507,-0.014486542
2021-09-08,-0.021978906718775,-0.017505242
2021-09-09,-0.0377403279828471,-0.03484425
2021-09-10,0.0377403279828471,0.007150084
2021-09-13,-0.0149256502166756,-0.0072191465
2021-09-14,-0.0383188643021366,-0.0013899811
2021-09-15,0.0231670592815343,0.029026417
2021-09-16,0.0226424767497598,0.013419158
2021-09-17,0.0221411258772135,-0.0011715445
2021-09-20,-0.0447836026269733,-0.02486381
2021-09-21,0.0151518050206022,0.00041386284
2021-09-22,-0.0075472056353829,0.0051212
2021-09-23,0.0659579677917973,0.015931783
2021-09-24,0.041672696400568,0.005576622
2021-09-27,0.0067796869853787,0.010476482
2021-09-28,0.0397403286495141,0.021955838
2021-09-29,0.0064725145056174,0.011017607
2021-09-30,-0.0195445960729702,0.00082775776
2021-10-01,-0.0266682470821613,-0.0026737112
2021-10-04,0.0067340321813441,-0.0031339014
2021-10-05,0.03300629646817,0.008063164
2021-10-06,-0.0065146810211937,0.0016787838
2021-10-07,0.0321571116345313,0.031073604
2021-10-08,0.0188093319574962,0.013023472
2021-10-12,-0.0125001627642314,0.002685327
2021-10-13,-0.0190481949706944,0.0033106792
2021-10-14,-0.0259754864032606,0.0013761971
2021-10-15,0.0450236813739551,0.0136850625
2021-10-18,0.0,0.0031379664
2021-10-19,0.0370412716803489,0.019883746
2021-10-20,0.0,0.008064257
2021-10-21,0.0180185055026783,0.006231994
2021-10-22,-0.0119761910467156,-0.0039781155
2021-10-25,-0.0121213605323448,-0.007404276
2021-10-26,-0.006116227017436,-0.004990339
2021-10-27,-0.056797598393133,-0.024902534
2021-10-28,0.0192932029346789,0.010654805
2021-10-29,-0.0128206884290614,0.009070208
2021-11-01,0.0191699161077201,0.016114421
2021-11-02,-0.0127390257774297,-0.0011168426
2021-11-03,0.0253178079842898,-0.005601982
2021-11-04,-0.0447358938413915,-0.015057287
2021-11-05,-0.053704178971861,-0.03657901
2021-11-08,0.0405460943943499,0.01392672
2021-11-09,-0.0336732151065879,-0.005112745
2021-11-10,0.0662493855412006,0.018800173
2021-11-12,0.0127390257774297,0.025751669
2021-11-15,0.0311551677797954,0.0006572313
2021-11-16,0.0,0.003892545
2021-11-17,-0.0185763855729352,-0.020850647
2021-11-18,-0.0062696130135954,0.0041893767
2021-11-19,-0.0319515998066023,-0.014162849
2021-11-22,0.056797598393133,0.025971001
2021-11-23,0.0242436116099928,0.02503012
2021-11-24,-0.0181273845925567,-0.001772521
2021-11-29,-0.0759859069779219,-0.009443326
2021-11-30,-0.0610358905863691,-0.02770982
2021-12-01,0.0,-0.0030009055
2021-12-02,0.0069686693160933,0.018077843
2021-12-03,-0.064538521137571,-0.010886969
2021-12-06,0.0575698518214777,0.040186074
2021-12-07,0.0343676435042077,0.053768836
2021-12-08,0.0266682470821613,0.041666813
2021-12-09,-0.0199342149008172,-0.015701653
2021-12-10,-0.0067340321813441,0.021057758
2021-12-13,-0.0413852161628543,-0.04706014
2021-12-14,0.0139862419747399,-0.013405236
2021-12-15,0.0206192872027356,0.01313227
2021-12-16,-0.0206192872027356,-0.006350462
2021-12-17,-0.0210534091978323,-0.011185017
2021-12-20,0.014084739881739,-0.0023602468
2021-12-21,0.0343676435042077,0.04858182
2021-12-22,-0.0136056520557786,-0.016720166
2021-12-23,0.0270286723879193,0.005879323
2021-12-29,0.0327898228229909,0.03324668
2021-12-30,-0.0195445960729702,0.013770314
2022-01-04,0.0881072675102668,0.038237747
2022-01-05,0.0296757681461166,0.022888023
2022-01-06,0.0116280379951191,0.0024541097
2022-01-07,0.0171924005403728,0.011212528
2022-01-10,0.0112995552539333,-0.0096767675
2022-01-11,-0.0169975763685711,-0.002017708
2022-01-12,-0.005730674708985,-0.009977149
2022-01-13,-0.0232568621642672,-0.0037922214
2022-01-14,0.0459851132418234,0.03386587
2022-01-18,0.0493250665625015,0.03993006
2022-01-19,-0.0216224640131658,0.0062139193
2022-01-20,0.0,0.003095895
2022-01-21,-0.0447001789179068,-0.00037075658
